Item_Identifier,Outlet_Identifier,Item_Outlet_Sales
FDW58,OUT049,1552.9151831895194
FDW14,OUT017,1245.3790520544944
NCN55,OUT010,591.0267147664144
FDQ58,OUT017,2400.5486590343576
FDY38,OUT027,4383.459043270147
FDH56,OUT046,1861.1276085183677
FDL48,OUT018,672.5674525031428
FDC48,OUT027,2156.913536884601
FDN33,OUT045,1348.8665380159373
FDA36,OUT017,3054.2491205930287
FDT44,OUT017,1874.826852330928
FDQ56,OUT045,1435.616944849406
NCC54,OUT019,669.4172931825966
FDU11,OUT049,1872.7788437682386
DRL59,OUT013,798.494672865208
FDM24,OUT049,2435.7078257171174
FDI57,OUT045,2862.691521888738
DRC12,OUT018,2928.6540733217266
NCM42,OUT027,3178.8889172604204
FDA46,OUT010,371.08041875429956
FDA31,OUT013,2829.6212062060804
NCJ31,OUT035,3728.9695953679125
FDG52,OUT046,754.5321646694919
NCL19,OUT019,343.7951935844278
FDS10,OUT035,2834.4189868842864
FDX22,OUT010,607.257701989439
NCF19,OUT035,754.4156483563928
NCE06,OUT046,2263.306402665343
DRC27,OUT046,3802.755048166709
FDE21,OUT035,1927.6071450114373
NCR42,OUT019,71.25117762230445
FDX51,OUT018,2728.7237792173487
NCR06,OUT018,483.3602135727868
FDU31,OUT027,4808.658870145349
FDU59,OUT017,2303.6919862021255
FDR03,OUT027,4508.579056119715
FDS49,OUT027,2446.857683605705
FDD48,OUT010,221.96648955750683
NCF18,OUT017,2976.6713486190633
NCD43,OUT027,2189.3516837002426
NCD54,OUT018,2232.3850274074507
FDY19,OUT010,226.86169485669322
NCY54,OUT017,2758.8667599476858
NCL19,OUT018,2339.441714123195
FDP23,OUT010,548.5467646679733
FDC26,OUT013,1996.9839220652366
FDR14,OUT010,282.5595864043253
NCS41,OUT035,3041.913668831998
FDF41,OUT035,3411.416911370747
FDU34,OUT046,1973.3862887625735
DRH11,OUT046,827.414215457822
FDM03,OUT013,1793.5075273181915
FDS31,OUT017,3079.6958128959
FDJ20,OUT017,1905.1115206455704
FDV44,OUT027,4750.59572471969
FDG02,OUT049,3060.5342322290467
FDA09,OUT013,3093.0263910968774
FDT04,OUT013,601.672602754556
FDL58,OUT019,662.2089389671149
FDE52,OUT045,1363.9046628311435
FDW12,OUT035,2691.605295567715
FDL51,OUT017,3332.8400336209907
NCY42,OUT027,2772.1254511797197
FDR07,OUT017,1528.6167101253625
FDN40,OUT045,2393.9026004089346
FDB35,OUT027,2720.050172778037
FDA22,OUT017,2501.57021234773
NCL06,OUT046,3867.4147864318925
FDI35,OUT013,3161.082114737698
NCW42,OUT045,3343.0686222705394
NCX06,OUT049,3059.253878293004
FDC37,OUT027,2626.6821557032654
FDZ14,OUT018,1809.1275924381875
DRG49,OUT049,3810.0884096005084
NCG06,OUT045,3510.858157156445
DRC36,OUT045,2868.674827865159
FDV21,OUT019,318.2625329815461
FDB53,OUT046,2747.014434716545
DRP47,OUT019,665.027728538955
FDA14,OUT013,2178.753799898891
DRC24,OUT035,2701.347769454344
FDW21,OUT018,1592.7826963034627
NCH29,OUT046,1710.8133092800906
FDU58,OUT013,2939.917465246412
FDY27,OUT017,2971.5583074839815
FDV56,OUT035,1628.5128442247512
FDT59,OUT046,3833.2631794705558
FDB23,OUT046,3836.980792638935
FDR49,OUT045,828.0675128365938
FDB03,OUT010,603.7517718433354
FDN39,OUT045,2956.2627784827464
FDX02,OUT027,4820.784994275156
FDQ16,OUT027,2839.7254108066245
FDU35,OUT018,1409.2143434806587
NCT29,OUT013,1834.733708588823
FDZ27,OUT046,816.3007210640601
FDN57,OUT017,1822.9616518377231
FDA03,OUT018,2063.3360221946928
FDZ36,OUT045,3312.0446485372954
NCU05,OUT013,1258.6793113421193
FDT39,OUT018,2492.686862013631
FDK60,OUT017,1649.6365621288717
FDZ25,OUT017,2883.9808079965005
FDG12,OUT046,2342.764507929639
DRB01,OUT019,411.22605477579964
NCC43,OUT027,4203.5369453013955
FDX13,OUT019,479.4008226871829
FDM22,OUT049,851.7885392539372
FDJ03,OUT027,1526.9168121253224
FDU14,OUT018,4295.954905361062
FDB33,OUT010,353.2688160051738
FDP27,OUT046,2952.8295419788406
FDO38,OUT010,164.72962245776304
FDE28,OUT027,4788.6177703630065
FDO27,OUT035,1540.8266856093335
DRL23,OUT027,2491.912732943215
FDS28,OUT046,870.0917576407738
FDX24,OUT013,1412.9499217554526
FDZ02,OUT035,1470.4830396990674
FDL46,OUT045,1654.4115750429587
FDS60,OUT027,4205.740596808325
NCO06,OUT017,570.3926007238931
FDO16,OUT035,1751.1291538278224
FDC60,OUT049,1552.8323111114132
FDA48,OUT018,3431.6898803804534
FDZ36,OUT027,3394.5250285729508
FDK27,OUT045,1975.1289651334491
FDW23,OUT018,358.21014795669794
FDM14,OUT018,1690.2085293395273
FDM14,OUT013,1614.3088710106533
FDW60,OUT018,2815.04895163475
FDE21,OUT013,1871.203218230173
NCM42,OUT035,1814.252019158888
FDY59,OUT010,252.51427611919655
DRI49,OUT049,1358.7263209601358
FDT28,OUT019,275.9947647448464
FDQ22,OUT018,510.89432700221454
FDR60,OUT049,1290.5488245164656
FDC50,OUT019,195.12436493318447
FDV24,OUT013,2410.865874151731
DRF48,OUT010,518.6676628889172
FDQ47,OUT046,617.226768842861
DRN36,OUT049,1532.7394556346146
NCY06,OUT035,2060.319929252291
FDE52,OUT035,1377.2099236677948
NCB54,OUT045,1884.5704540099669
NCF31,OUT035,2524.8962332371743
FDJ08,OUT027,4973.925425733872
NCC07,OUT017,1704.0763961481375
NCD19,OUT027,1560.1375144944989
FDL46,OUT049,2171.1727347128094
FDM20,OUT045,3549.5068006009055
NCI06,OUT010,383.80049332606717
DRM11,OUT035,3995.582519473263
NCH07,OUT018,2288.74361882862
FDS23,OUT013,2194.5329504389465
FDO49,OUT018,670.7497159408287
FDS35,OUT049,1108.5728103153485
DRK39,OUT045,1352.1223753588567
DRI39,OUT049,912.9892841725162
FDV04,OUT017,2200.2847597493596
NCN14,OUT035,2983.1201689151803
FDH08,OUT013,3804.5674347986733
FDS20,OUT046,3071.883591129648
FDV40,OUT049,1126.1376211384868
FDZ48,OUT010,224.0822898786629
FDS24,OUT027,2250.3639000727285
FDK44,OUT049,2667.871673877233
FDS48,OUT045,2385.3280040130126
FDK26,OUT010,632.1211975888898
FDD23,OUT045,3167.475319310512
NCH54,OUT017,2538.4865426784677
NCP14,OUT010,210.5120002705235
FDM60,OUT010,69.60812789759979
FDV24,OUT017,2397.1970762308547
FDH08,OUT018,3613.832675370444
FDS12,OUT027,3619.087796661734
FDR39,OUT027,4238.3942728149095
FDP12,OUT027,966.2948557192852
DRF60,OUT027,4183.360949117939
FDC09,OUT035,1734.6838748607704
FDF50,OUT018,3204.0718894743704
FDG28,OUT035,3676.2965142849107
NCE19,OUT017,840.6349083198552
NCM53,OUT010,252.04038173005003
NCN18,OUT049,1804.9359695641258
FDF32,OUT035,3008.271110151562
FDF11,OUT013,3597.0330065706453
DRI59,OUT049,3530.613656984018
NCG54,OUT035,2828.4745344647326
FDM44,OUT046,1642.2729534573168
FDT57,OUT018,3399.6843902278474
FDV24,OUT046,2438.775359307523
FDI50,OUT019,506.3467792730382
FDS09,OUT035,787.0862308164975
NCC31,OUT027,3365.4926577955735
FDQ07,OUT019,659.1968745264422
FDC22,OUT017,3022.9424116687824
FDZ56,OUT046,2834.289289453582
FDZ40,OUT019,211.2600426539537
FDS46,OUT027,2738.947710141858
DRD24,OUT045,1953.5983181409686
FDV45,OUT017,3060.468216709267
FDL26,OUT045,2671.5905870199167
FDA56,OUT018,1832.4494816164408
FDN27,OUT046,1889.5185027481118
FDM20,OUT049,3698.98021688514
FDO16,OUT017,1681.9231245461692
FDL03,OUT035,2962.480360191351
FDE58,OUT046,1912.41310820983
FDI02,OUT027,3652.248907868029
NCC55,OUT019,62.67807116942049
FDR03,OUT018,3397.721917296589
FDB14,OUT017,1410.5622623518666
FDR45,OUT013,3542.6962569356374
NCN07,OUT017,2051.7125057579724
FDM51,OUT019,256.9498605913693
FDT52,OUT027,4823.952298798222
FDL26,OUT046,2646.304216049896
NCZ42,OUT046,3625.3022364161548
DRI47,OUT019,396.158093885983
FDW40,OUT013,2153.7388027771503
FDN34,OUT046,3054.4612399481207
FDS01,OUT035,2935.796089312078
NCG55,OUT045,1901.555519300776
FDC11,OUT035,1236.748802475293
FDX35,OUT018,3292.7874089237407
NCB06,OUT046,2551.8996178765533
FDR09,OUT019,670.8051904887648
FDC53,OUT017,1473.6082809800619
FDY45,OUT013,4111.399933546053
FDA22,OUT010,349.90797343064975
FDE02,OUT035,1507.213506108732
FDW21,OUT045,1762.6500658298398
FDV34,OUT046,1220.8247917818926
FDS59,OUT049,1717.9095648270127
NCW17,OUT017,2231.091465628481
NCK54,OUT046,1944.6075252414098
FDG17,OUT019,467.97342527642655
FDG35,OUT017,3329.666106799137
FDD08,OUT010,69.67369064009102
NCO07,OUT017,3678.715688717595
FDJ10,OUT010,393.7721945965368
FDW36,OUT017,1681.3021143440753
FDW21,OUT010,275.2287740569458
FDY19,OUT017,1882.9333618241417
DRE03,OUT013,754.2951017287563
NCC55,OUT049,618.9027677910074
FDH52,OUT010,141.6400992547714
FDO09,OUT017,3512.28946753023
FDU43,OUT045,3641.8456298762676
FDX09,OUT010,423.29892288521637
FDH40,OUT019,229.35474851844236
FDW58,OUT017,1654.5716703159103
FDC47,OUT017,3524.9574849152336
NCR41,OUT035,1451.9542663832551
DRG49,OUT035,3879.744018527054
FDC52,OUT027,3664.9403928021584
FDY13,OUT046,1192.8693716327712
FDY35,OUT013,621.9341029706923
FDI35,OUT017,3500.038025566759
NCU18,OUT049,2149.7348835983107
FDY33,OUT018,2357.2947404500246
FDC15,OUT027,4102.008939047057
FDU01,OUT049,3201.3397534402666
NCU42,OUT046,2995.880048606672
NCV29,OUT018,2549.496753402829
NCY30,OUT017,3003.2083484728937
FDQ46,OUT049,1946.0696193467168
FDG58,OUT027,3534.546091459086
FDK33,OUT017,3583.4335506543016
NCD07,OUT045,1611.2597495210537
NCX29,OUT027,3673.81354899796
NCT42,OUT013,2242.0145759426723
DRN59,OUT035,744.4195319073136
FDI44,OUT035,1301.112761471073
FDA45,OUT049,2283.247590365552
FDP31,OUT045,945.9499130536973
FDY01,OUT046,1873.2406139839209
FDT09,OUT018,1913.7087580811706
DRH03,OUT027,2399.8327919362528
FDA36,OUT018,2776.1762477931497
NCF31,OUT017,2380.8943037851573
FDG14,OUT049,2550.5345689298883
FDG28,OUT027,4799.679656212507
FDU14,OUT049,3756.695154161922
FDY47,OUT019,246.98916942610333
FDI56,OUT049,1340.6241488360952
DRD01,OUT013,774.3305739233111
FDM22,OUT046,1005.108091702589
FDH33,OUT013,611.07890112544
DRZ24,OUT013,1930.3769140329323
NCQ38,OUT046,1681.2408081076478
FDO16,OUT027,2247.1231564674013
FDU07,OUT027,3879.6650375579075
NCB07,OUT013,2670.7366798436547
FDU48,OUT045,1713.6920514030824
NCM43,OUT045,2711.7096917878307
FDR31,OUT010,413.0407431355095
DRK49,OUT018,398.97225257550593
NCI30,OUT010,575.3891479790484
DRD60,OUT017,3081.2244064988527
NCG19,OUT046,3574.665229186493
FDH12,OUT035,1698.0656526774974
FDM32,OUT035,1341.9303384987738
FDM27,OUT035,2684.8703686093904
NCU53,OUT027,4560.201394432413
NCQ18,OUT046,1493.8664710038565
FDS10,OUT013,2811.693788089974
FDB33,OUT027,4216.433180242013
FDI12,OUT013,1353.3518180892654
NCW42,OUT013,3485.475278366336
NCC06,OUT018,2110.3610445395675
FDW02,OUT017,2096.8936598285336
NCD43,OUT017,1750.6563851663873
FDM57,OUT018,1214.202905194237
FDA58,OUT017,3404.688725468503
FDK56,OUT046,3105.0001813940708
FDP52,OUT045,4054.5053936385852
FDW20,OUT018,2017.4968245070704
FDS52,OUT049,1545.1712474801693
NCT29,OUT018,1779.9202336414355
NCL54,OUT013,2820.6204172329058
FDC05,OUT045,2668.1907883364406
FDF34,OUT035,2834.2746535389497
FDP03,OUT027,2989.0838006429044
FDD32,OUT010,207.6501577977052
FDZ10,OUT045,2227.3809348054083
FDZ40,OUT035,889.7961924619918
FDD51,OUT018,374.2302573830358
NCY30,OUT019,355.553387837286
FDP58,OUT017,3387.220846895487
FDV49,OUT017,3966.9838313337245
FDY24,OUT019,206.23715750314156
NCO55,OUT017,1694.8092188988658
FDR13,OUT017,1948.921175735819
FDS51,OUT017,1051.3502123876879
FDP26,OUT045,1696.0409131324457
NCB54,OUT027,3205.260503427045
FDF32,OUT017,2861.6470948890874
FDN31,OUT018,2644.422689739417
DRM48,OUT017,724.6869969329211
FDN20,OUT049,2808.9121867314416
DRL01,OUT046,3762.095601254519
FDV56,OUT049,1607.714249142457
DRH13,OUT027,2650.116485461027
FDA03,OUT017,2362.809950807881
FDF47,OUT027,3994.669485553754
FDX32,OUT046,2667.529651186743
FDX57,OUT049,1460.2256180906552
NCA30,OUT045,2916.609976882071
FDO49,OUT013,697.8259886922664
FDL04,OUT019,198.72672692679484
DRM48,OUT035,765.9965387927814
FDR16,OUT013,3372.4483001025296
NCC19,OUT018,2867.3546906386186
NCE42,OUT045,3162.5648141528095
FDY24,OUT017,896.6721748239527
FDH19,OUT049,2649.3851711561415
FDJ46,OUT013,2757.690192534197
FDN45,OUT010,639.622885985013
FDY08,OUT035,2023.9283849872108
FDZ37,OUT035,1366.7832970615405
NCT30,OUT045,787.6570676113015
DRY23,OUT018,410.74896995554576
NCZ30,OUT018,1862.4837775927729
FDC44,OUT018,1652.775118745955
FDB45,OUT035,1575.5104113983343
FDY04,OUT013,2281.896453265421
FDM27,OUT046,2840.0514310876315
FDZ43,OUT017,3521.192333086814
FDT39,OUT019,360.6919129001398
NCC06,OUT019,275.88619561124955
FDL15,OUT027,3510.664929012707
FDL57,OUT017,3769.8383108713733
FDU08,OUT046,1502.5561343752079
FDK40,OUT017,4104.748277796283
FDQ12,OUT010,568.2334052779039
FDS48,OUT017,2454.261858551622
FDP09,OUT045,3399.9836270559813
FDW21,OUT049,1640.5378030330164
FDY25,OUT035,3158.018427472247
DRE13,OUT017,1442.4049464091138
FDV43,OUT019,73.48736967658411
FDD22,OUT045,1760.7411932538043
FDM46,OUT019,205.77573026778396
NCO30,OUT010,455.75320084871765
FDM25,OUT046,2875.373824743726
NCN41,OUT049,1998.456158795891
FDU24,OUT045,1608.4034168954977
FDZ50,OUT046,3105.303558707392
FDP45,OUT013,3468.3005614733993
NCM54,OUT045,1943.1686693889424
FDW10,OUT019,418.0501090489634
FDP20,OUT017,1981.717812546064
FDK32,OUT046,2604.1803892974644
FDN52,OUT049,1239.919247388926
FDM58,OUT045,1903.2444924348827
FDZ46,OUT027,2866.5283096183034
NCA18,OUT018,1691.8102043823935
FDD35,OUT046,2158.376084510071
NCK31,OUT035,698.9468291234776
FDI40,OUT027,2834.8618616754893
FDT50,OUT019,205.7838057991377
NCT06,OUT046,2706.3176130030047
FDT31,OUT035,2927.78086565263
FDT45,OUT049,800.0997752166834
FDT13,OUT045,3215.7441643512534
FDO50,OUT045,1371.7441888222995
NCU18,OUT010,283.1790217171572
NCR54,OUT049,3056.0378551524627
NCO18,OUT018,2533.2793217240246
FDU09,OUT045,824.8927117814735
FDT13,OUT018,2648.3118464634686
FDE09,OUT046,1913.3615707385418
NCK53,OUT019,310.87877602979
FDG45,OUT049,3597.096960407724
DRH15,OUT035,699.3850013017284
FDO21,OUT019,578.2891189772556
FDD14,OUT027,5188.3745076056075
FDC09,OUT046,1692.9677903150057
FDH45,OUT027,956.5202810510484
FDV32,OUT046,1181.168253693201
FDG12,OUT035,2075.8711907734073
FDS32,OUT013,2009.2715345909467
NCL55,OUT018,3100.177251032634
DRE01,OUT035,4046.5863293943785
DRE15,OUT049,1303.3934854323595
NCL42,OUT045,3495.8254243332003
FDP31,OUT013,873.2616381357162
FDN33,OUT018,1248.653915618193
FDZ59,OUT046,2530.84539372923
FDE45,OUT010,344.39753864320505
FDJ07,OUT013,1884.6119975773224
FDQ45,OUT018,2752.1875973573665
FDM33,OUT027,4080.503226844082
FDO15,OUT010,184.42043104673493
FDM46,OUT013,1453.7466437701714
FDR03,OUT045,3430.6061133999874
FDY49,OUT018,2442.679621729032
FDQ60,OUT045,2079.0993171523614
FDW10,OUT049,2774.2316953856084
FDO51,OUT049,691.8363441149017
FDJ40,OUT018,1351.0659801836925
FDS20,OUT018,2679.56001842454
FDU45,OUT013,1930.6258495546044
FDV02,OUT035,2804.6090871908523
FDN09,OUT046,3585.2420924392172
NCM55,OUT027,4351.070295154382
FDN23,OUT018,2528.3898653174824
FDY31,OUT010,468.0470397990003
FDW03,OUT010,294.3585025553992
FDD14,OUT046,2840.9001842778
FDV23,OUT017,2036.3820631699064
DRI03,OUT045,2873.6231466271915
FDN13,OUT035,1519.9910364429295
FDF45,OUT027,1683.8225856851163
FDU46,OUT035,1273.7946237130875
FDB57,OUT049,3415.920010557295
FDV12,OUT049,1657.7408561127509
FDQ58,OUT013,2534.558126818748
NCA18,OUT017,1682.119149371972
FDH52,OUT049,1033.5000871488926
FDM24,OUT018,2414.5432128455063
NCP43,OUT027,4091.4878387360704
NCO18,OUT019,433.25235045557673
FDM32,OUT017,1315.534410724513
NCL07,OUT017,585.0917496580113
FDK03,OUT013,3874.508586471169
FDP59,OUT017,1517.497107666485
FDQ24,OUT049,4123.0194278684185
FDQ16,OUT018,1323.4958068231488
FDU44,OUT013,2187.3617205099717
FDH28,OUT010,131.35374351660295
FDV28,OUT019,129.3105586473305
FDM22,OUT045,934.5564493499515
FDR56,OUT046,2923.533189037642
FDV39,OUT049,2984.421482413931
FDU37,OUT019,199.6821655280384
FDQ11,OUT010,552.3729833677628
FDX02,OUT045,3513.4699383196294
NCS42,OUT018,1344.4881593922212
FDY57,OUT027,2815.6322922844106
FDB21,OUT049,3793.897975123493
FDE28,OUT017,3427.385856503987
FDQ55,OUT017,1973.6697044150978
FDA48,OUT049,3539.3192268689854
FDZ19,OUT045,2695.713446395397
NCC43,OUT045,3522.9087368768032
NCV18,OUT046,1858.564125607123
NCA42,OUT018,2641.8518388013035
FDY45,OUT046,3850.48165870513
NCC30,OUT045,2910.4451284366896
FDM57,OUT013,1294.5267514703844
FDL09,OUT010,523.5113725510381
FDB09,OUT027,3228.2079594695306
FDT44,OUT035,1909.1544242109376
NCT06,OUT027,4211.740943177797
FDX26,OUT049,3153.5321259433567
FDK32,OUT013,2373.6877581283234
DRA12,OUT046,2139.617375409607
FDO46,OUT010,435.8704805733975
FDE52,OUT013,1301.655003989898
NCH42,OUT045,3623.4575960411526
FDV08,OUT035,640.7995843341882
FDB47,OUT018,2900.153135348465
FDC28,OUT010,191.02622624669428
FDD22,OUT046,1898.6902939697497
FDS07,OUT027,3279.886728916794
DRI13,OUT045,3397.421751940087
FDG32,OUT018,3444.4928032166194
FDU14,OUT017,3726.5235233979292
FDD28,OUT019,162.9597323577849
NCP41,OUT017,1649.6743749281484
FDS08,OUT049,2700.041280078773
FDX47,OUT045,2320.194033265298
FDC53,OUT019,229.81806572299217
FDQ19,OUT035,3572.934186779971
FDL14,OUT045,2343.61581843352
FDM33,OUT019,600.1630136549072
FDA51,OUT045,1795.5966210377862
FDZ27,OUT018,654.1971888035372
FDT04,OUT046,619.788206479304
DRC13,OUT049,1992.1917562812616
FDR16,OUT027,3519.402085044305
FDQ03,OUT027,4149.194220102125
FDE38,OUT035,2709.403628371492
DRH23,OUT027,2252.2756992057534
FDT11,OUT019,641.1130293503564
FDD09,OUT035,2963.307150835275
FDR40,OUT045,1344.1243150551736
FDX07,OUT017,2980.41746145327
FDR07,OUT035,1512.051133713821
FDA51,OUT017,1761.3239862014834
FDT59,OUT019,588.6743526569197
FDF20,OUT017,3034.1278880339128
FDR13,OUT045,1913.1565253104748
FDY26,OUT049,3826.000658097293
FDW04,OUT017,1862.1133333898783
FDK52,OUT017,3322.518709787133
FDN60,OUT049,2720.383555543482
FDM09,OUT019,438.22942655204776
FDP46,OUT049,1362.0542831895343
FDB50,OUT019,197.80722223026322
NCQ29,OUT049,3668.4686181914058
FDP16,OUT027,4808.330583888574
FDX33,OUT018,2350.5620061389404
FDP07,OUT010,439.19126727917865
FDN22,OUT046,3768.068543392271
FDF39,OUT049,4209.094123502041
FDS21,OUT017,988.8664091000221
NCM42,OUT013,1803.9174135559101
FDK50,OUT019,447.35137485675136
DRF13,OUT027,3327.1410935396893
FDH35,OUT018,2160.775235721104
FDP60,OUT018,1445.6723491314003
DRJ49,OUT027,3106.366207526383
NCT42,OUT019,333.5948648846626
FDE38,OUT049,2717.070092464822
FDI04,OUT049,2678.3894536083644
NCH54,OUT045,2717.819265919133
FDT56,OUT049,885.6719177390124
DRD15,OUT018,3443.500084929011
FDV58,OUT013,2636.7576301316294
FDP21,OUT049,3130.2684061825566
FDH05,OUT013,3552.624068599307
FDR10,OUT027,4111.283232769556
NCP06,OUT045,2406.0637029467052
FDF33,OUT049,1796.3378182755232
DRK37,OUT013,2926.615464209225
DRH49,OUT045,1167.2038022978516
FDT58,OUT013,2486.293544111763
FDD41,OUT018,1481.534460623865
FDP40,OUT018,1952.4486955871973
FDM51,OUT027,2474.272990397787
FDO45,OUT010,177.12598376855357
FDW33,OUT010,256.65729524695524
FDY24,OUT045,1011.5694118189239
FDB10,OUT010,650.8342713538882
FDM40,OUT035,1928.779944243548
NCI06,OUT017,3112.9709122239087
FDW12,OUT019,295.14705766845583
FDX48,OUT027,3629.1193283804027
NCW05,OUT027,2811.511155890987
FDX27,OUT017,1475.8945851668018
DRM37,OUT045,2613.1880998988777
FDA38,OUT045,3401.9711442455605
FDR36,OUT046,649.9828236084223
FDZ45,OUT046,2686.244189432251
FDG05,OUT017,2378.4686014798954
FDK28,OUT013,4009.6527623433863
FDV47,OUT045,1262.6302131385594
FDN21,OUT045,2549.0289750340685
FDP20,OUT027,3554.1896681344056
FDI35,OUT045,3335.753020548956
DRY23,OUT013,686.4411276313248
FDA56,OUT017,2032.779488677773
FDB09,OUT013,1732.3030870383695
NCO26,OUT027,2785.7102652708973
FDQ49,OUT018,2247.376680795904
FDI52,OUT027,3383.501182441697
FDZ44,OUT027,3039.7126085705318
FDZ09,OUT018,2592.7904728600492
FDY03,OUT049,1945.3138474901841
NCG42,OUT017,2071.5372677237
DRI13,OUT027,4295.541015369375
FDQ32,OUT013,1982.9119629310035
FDW16,OUT035,1318.7458058547368
FDU27,OUT046,808.3389928708068
FDR28,OUT010,471.9855058771521
FDQ49,OUT010,394.6986575716226
FDS37,OUT046,1974.7774639915813
FDW26,OUT018,3376.34152293334
FDX12,OUT018,3457.835315108183
NCP06,OUT013,2376.5418814510595
FDW45,OUT010,338.8077936332639
NCN30,OUT049,1443.0888485137057
FDN24,OUT049,933.3806405271936
NCL41,OUT027,1062.6460627523672
FDR02,OUT019,224.01872735783192
FDD09,OUT010,472.87427547153163
FDS33,OUT010,200.8731811362642
FDU22,OUT045,1955.027612273237
FDI53,OUT013,2211.4597192330116
DRH01,OUT049,2769.407188674077
FDX32,OUT013,2151.8967062947386
NCP30,OUT018,543.8845395454043
FDB60,OUT045,3279.006843087774
FDB14,OUT049,1394.8401762224423
NCP02,OUT035,816.9269033312245
FDJ10,OUT017,2091.0383564546455
FDG34,OUT046,1895.562449219118
NCB18,OUT017,1418.387149392922
FDM16,OUT049,1185.610421008832
FDW25,OUT018,1300.2639676021897
FDB35,OUT010,186.19535344312644
DRN11,OUT013,2219.2798532901834
FDF41,OUT019,737.2878163697757
FDH16,OUT045,1306.9683101339679
NCQ50,OUT018,3149.528435248441
DRH23,OUT018,817.0878755386523
DRJ37,OUT013,2256.8528095428373
DRJ24,OUT027,4089.3948120599034
FDY16,OUT035,2990.6071493912486
FDQ27,OUT045,1991.8841728730563
FDZ33,OUT045,2623.5141274211196
FDF29,OUT045,2053.5203121875893
FDA08,OUT049,2561.5039081394743
FDG31,OUT046,1189.7964790985307
FDE34,OUT019,388.24628099317437
NCR30,OUT027,1859.8198671205353
FDV33,OUT035,3774.0968279941444
DRZ24,OUT018,1707.6464938057666
NCL54,OUT035,2942.633816088088
FDR12,OUT049,2844.640817296329
NCC54,OUT046,3819.530962893484
DRN59,OUT013,810.2431781546801
FDX50,OUT019,197.49611189120532
FDV31,OUT027,3925.3474569248483
NCA29,OUT027,4335.483428280797
FDW60,OUT049,2890.65338396849
FDX08,OUT017,3036.368002975725
DRD49,OUT013,3628.042793904844
FDD33,OUT046,3660.468175600593
FDW35,OUT013,781.0409276218066
FDJ36,OUT017,1843.6678770126903
FDV51,OUT035,3043.2193982391486
FDW36,OUT046,1722.887276225618
FDH35,OUT046,2591.8121832769375
NCS30,OUT027,2910.480827661563
FDN49,OUT017,594.4558784608275
FDL08,OUT018,3379.279180784364
FDI09,OUT013,3481.3494542713656
FDP19,OUT018,1925.0939178830743
FDU21,OUT010,98.40274257562716
NCP41,OUT045,1611.1213930526087
FDY10,OUT013,1960.4852773008793
FDP12,OUT018,406.58635736694794
NCN26,OUT049,1936.7956223112883
FDK44,OUT013,2827.6096242617677
FDC28,OUT049,1634.9734029297426
FDJ41,OUT027,4945.190157617068
NCT29,OUT035,1945.6788324319846
NCH42,OUT019,585.3569609465779
FDU60,OUT018,2569.797449877848
FDS02,OUT045,3167.665401381939
FDC51,OUT046,2134.673779209963
FDU03,OUT013,2872.293480509948
FDX39,OUT045,3749.567550813754
NCY05,OUT010,100.80955838897667
NCL06,OUT027,4371.928686354949
FDD32,OUT035,1232.939848941264
NCN41,OUT045,1885.2553013555535
NCX53,OUT049,2335.4837829232274
FDU57,OUT019,346.2069210263142
FDQ23,OUT046,1775.5351450007217
FDQ52,OUT045,4004.2960984480283
FDC14,OUT045,617.6910370505142
FDY09,OUT035,2914.914476546979
FDQ28,OUT045,2651.776717597246
FDV25,OUT046,3810.632256103023
FDJ07,OUT035,1933.8422468285667
DRB25,OUT049,1717.9128851767236
FDK52,OUT019,646.2989296077614
FDY52,OUT027,1916.3053070772066
FDB28,OUT046,2726.8834441718805
FDT36,OUT035,610.179600988507
FDV25,OUT017,3526.70349871658
NCN07,OUT027,3391.0998537623072
FDC57,OUT017,2974.6999236813554
FDQ03,OUT018,3189.1308263494375
FDU23,OUT017,2910.682826847827
NCX41,OUT035,3525.6691198773296
NCD06,OUT035,766.5208082043691
FDW08,OUT045,1933.2640256647765
NCU29,OUT017,2579.9939649642283
NCE06,OUT013,2264.1255316070865
FDV52,OUT010,213.6936956381331
FDB02,OUT017,2932.287294983211
NCR18,OUT045,623.2763202085569
FDK16,OUT049,1461.4469164462719
NCQ29,OUT010,676.5899774893504
FDZ01,OUT019,219.23781831354975
FDW27,OUT035,2299.071596383935
FDD17,OUT018,3473.2323436521096
FDW39,OUT013,2740.2577646701525
DRH59,OUT045,1095.8935058326208
FDS52,OUT013,1572.749518799008
FDU40,OUT027,5058.415241496315
NCF54,OUT013,2627.4980132223995
FDH46,OUT045,1784.6340409342704
NCP14,OUT049,1916.8999540380435
FDH50,OUT049,3243.9545894100806
DRF15,OUT010,298.939666361381
FDV27,OUT027,2192.718138076819
NCJ06,OUT049,2100.6001713558912
FDN02,OUT018,3377.368148424301
FDQ51,OUT049,823.472346230687
FDQ07,OUT017,3266.0193389471447
FDS45,OUT049,2049.1313202916563
NCJ06,OUT045,2057.110438130545
FDD36,OUT035,1993.562877012915
FDY25,OUT045,3200.5851563542174
FDU52,OUT046,2342.5778657797186
DRK47,OUT017,3241.3535720064883
NCL30,OUT017,2030.2957640429688
FDN22,OUT035,3856.749236924449
NCF30,OUT027,3268.120613083538
FDK03,OUT035,3846.778179367083
FDT45,OUT017,861.688517716066
NCC54,OUT027,4352.187471487814
FDP08,OUT018,2891.8471586518135
FDU44,OUT046,2555.550664495772
DRG39,OUT035,820.7589496649823
FDU32,OUT049,2102.4670210912254
FDY27,OUT049,2903.651988684721
NCP54,OUT013,2005.9585693781275
NCZ41,OUT049,1946.4180525362274
DRL49,OUT013,2166.5941021636645
FDI05,OUT018,1281.4921507588745
FDY56,OUT045,3517.0988151172646
DRC13,OUT013,1913.8661169442976
NCV29,OUT017,3046.952344946085
FDR24,OUT049,1314.9972214494303
FDZ34,OUT018,2992.8854653011435
FDP37,OUT035,2024.8633981239932
FDX08,OUT027,4269.305893635679
FDS57,OUT045,2122.2769084352444
NCG18,OUT049,1714.1519046884155
FDK25,OUT018,2420.437748769313
FDH53,OUT049,1316.6233648108587
DRI59,OUT018,3170.1397696822964
FDA52,OUT046,2642.2689429633956
FDT20,OUT010,70.87970305272285
FDE36,OUT019,470.47154964548173
FDI24,OUT017,2872.818311491962
FDB28,OUT018,3043.6683410372793
FDV11,OUT017,2811.346198048543
FDP01,OUT046,2440.0901691165363
FDD34,OUT027,3946.956587512251
FDJ50,OUT027,1539.4948491394277
FDZ44,OUT013,1892.106370992561
DRO59,OUT035,1251.7306299339853
DRB48,OUT045,662.4820421985678
FDR21,OUT018,2409.8484136091474
NCE42,OUT010,578.0618708516893
FDO23,OUT046,1350.1398453515703
NCE30,OUT018,2893.1725886372487
FDQ22,OUT035,553.4767894742873
FDY01,OUT045,1775.5602248049615
FDS08,OUT017,2753.7219572678396
FDG28,OUT018,3407.3304621432103
FDQ51,OUT018,674.9183904876763
FDB05,OUT017,3567.0119304723958
FDO56,OUT049,1912.1195606961785
FDE02,OUT018,1332.3909485557858
FDN45,OUT017,3418.6783058480532
FDS09,OUT013,746.5159859587923
NCA54,OUT018,2692.7082452813947
FDP09,OUT010,520.0218550739224
FDC53,OUT045,1510.2432480526052
NCM55,OUT017,3062.1838880683185
FDL09,OUT018,2709.9041346515837
FDA11,OUT019,376.7105883180147
FDA50,OUT045,1445.1804599381742
FDC23,OUT017,3361.7091868069238
FDE22,OUT049,2594.752276139351
FDD23,OUT046,3229.233175412877
NCA29,OUT049,3022.1808096317836
FDK38,OUT046,2343.654008992231
DRC13,OUT046,2036.795573024925
NCP43,OUT049,2922.537956621509
FDX28,OUT049,1402.916625609831
FDF08,OUT049,1377.8153925629208
FDZ33,OUT046,2648.680271191734
FDD10,OUT049,2695.5471633021107
FDO58,OUT017,2460.6647407360697
FDI50,OUT017,3494.175007080489
FDO58,OUT045,2547.516735687729
FDX08,OUT013,3030.998047015628
NCK17,OUT010,64.44012190333534
FDF39,OUT035,4307.922384555804
FDU45,OUT010,320.2433292634081
NCJ18,OUT018,1711.4850629262696
DRC27,OUT019,490.2230729681385
DRC25,OUT035,1471.6171024124671
FDU59,OUT035,2265.7957053062905
FDU28,OUT035,2984.090624763096
NCP30,OUT046,611.2204302078635
FDB39,OUT018,792.1051836757754
FDE41,OUT013,1297.831159752683
DRH11,OUT010,166.9213323806864
FDA58,OUT045,3500.076730468799
FDU50,OUT046,1705.1528153818133
FDM34,OUT013,1843.4062440200778
FDM44,OUT027,2681.531061992845
FDR39,OUT045,2944.083255613069
FDM25,OUT045,2853.960995357006
FDQ49,OUT049,2363.421892068398
DRH25,OUT018,796.0300227267123
FDM09,OUT027,4221.129219677835
FDL44,OUT019,451.72876267938597
NCR42,OUT018,453.75676761482885
DRL59,OUT046,855.7861069914657
FDX43,OUT013,2483.619034459445
DRK47,OUT010,557.8059168779712
FDU48,OUT018,1509.086738478648
FDY12,OUT045,804.387245176165
NCN43,OUT018,1829.876020493153
NCM55,OUT018,2598.846179376667
FDQ21,OUT027,3040.641515772891
FDX13,OUT035,4034.8085319400348
NCK30,OUT027,4068.267200467905
FDG20,OUT049,2683.001549981329
DRG27,OUT017,670.20783570164
FDY14,OUT018,3699.353749173507
FDP59,OUT035,1557.7082384663927
FDU60,OUT017,3278.912360146793
NCC18,OUT019,496.81143490468764
DRJ39,OUT017,3324.965469317943
FDS07,OUT049,1819.2950316320462
FDM08,OUT027,4814.334892290386
FDP51,OUT045,1993.2432300762694
FDU16,OUT035,1324.8004196688435
FDH12,OUT013,1776.0891229370245
DRE48,OUT010,461.3656727142131
NCL42,OUT027,4701.659243035677
FDR21,OUT045,2704.767800098106
NCW29,OUT035,1977.5540395089636
FDO11,OUT013,4023.908633359321
NCM31,OUT049,2066.567750406296
FDV35,OUT019,393.91724006897783
FDF58,OUT017,1078.6375353837873
NCE43,OUT049,2936.7231866069233
FDA02,OUT035,2485.7404378819306
DRL37,OUT010,120.15963012358948
FDR24,OUT018,1366.889186565568
FDW59,OUT049,1293.451459135125
FDS22,OUT049,646.6225065779659
FDW24,OUT017,730.4865545336772
FDU24,OUT035,1708.1649805588115
FDA21,OUT027,4675.413991485865
FDH58,OUT027,2839.689231000446
FDW36,OUT018,1604.0908407454426
FDI45,OUT027,4402.314680746022
FDU01,OUT018,2964.23020323414
FDF35,OUT027,3428.787414833642
FDU43,OUT019,451.6346391872974
FDE24,OUT019,284.1819941535958
FDK50,OUT049,2573.5432165296697
FDG31,OUT045,1109.873104132669
FDC60,OUT045,1653.296018431267
FDL36,OUT013,1420.8716313502905
FDP21,OUT013,2951.2005914854685
FDW16,OUT045,1283.2893633690694
FDX02,OUT017,3546.7471938511344
FDQ58,OUT027,2862.027503167155
FDT51,OUT046,1826.3188182895728
FDD59,OUT049,1342.7641758616448
NCM42,OUT018,1699.1698783413374
FDA57,OUT018,533.8213871764328
FDZ48,OUT035,2082.78145571394
FDE46,OUT045,2524.564734243144
NCZ30,OUT019,274.8947660330398
FDB56,OUT017,2997.0492786371246
FDA25,OUT027,2865.358473105079
FDD20,OUT013,2057.4131720027667
FDL25,OUT013,1348.9217438041428
NCO18,OUT049,2938.3240702250296
FDJ45,OUT017,583.1120729444102
FDR12,OUT035,3022.700105949136
NCF19,OUT010,121.23479701065371
FDK25,OUT046,2897.6634693077185
NCR17,OUT046,1974.0518315954564
FDC52,OUT046,2442.198488515769
NCA54,OUT017,3073.178579503866
FDR45,OUT010,581.7088589096537
NCM19,OUT049,1958.4644908870466
FDF39,OUT027,4737.20771659668
FDX23,OUT049,1498.3781640371553
FDD58,OUT027,2669.1809225312677
FDX28,OUT013,1661.0480487454688
NCD31,OUT013,2549.3533482482926
FDU57,OUT018,2263.593605271064
FDI27,OUT046,889.3072381271503
NCM42,OUT046,1767.3311213267093
FDD32,OUT027,2214.3513407271253
FDI34,OUT013,3492.804401277803
NCM29,OUT049,2078.401869472471
FDG46,OUT018,1782.2843912968774
DRC01,OUT010,112.17628748748015
FDB15,OUT027,4538.0822186016085
NCA17,OUT027,3072.65069072059
FDF10,OUT046,2783.044315378659
FDR26,OUT027,4300.478501614205
FDI02,OUT049,1900.9509881228566
NCM54,OUT010,282.3342378498948
FDF14,OUT013,2290.4364556618816
FDJ33,OUT010,319.77487994018173
FDM20,OUT035,3635.038643859426
FDC03,OUT027,5109.572462256049
NCX05,OUT046,1883.4460109225288
NCM41,OUT027,2971.9708815572203
NCU29,OUT010,393.60729599170753
FDQ59,OUT017,1259.0984890723369
FDH46,OUT010,288.777935711911
FDH09,OUT013,726.8039026689294
NCD06,OUT045,769.533737021699
FDC15,OUT035,2744.2396009977833
DRD37,OUT027,1005.4847065923664
FDT28,OUT027,3721.9562541522614
FDR28,OUT027,4165.800569795992
FDT38,OUT017,1272.8128554982814
FDV34,OUT027,1804.0673997314684
FDY52,OUT035,1105.2818467227883
FDB34,OUT013,1245.5802539565866
DRL23,OUT018,1428.5376775104378
DRB24,OUT046,2427.0376165271505
FDJ50,OUT046,960.3380071513005
FDQ49,OUT035,2386.686602378475
FDP20,OUT035,1979.111153496531
FDV19,OUT027,4323.205653044969
NCR54,OUT045,2937.1958149877555
FDO09,OUT010,696.1262734983537
FDS57,OUT018,2077.579011507818
FDN10,OUT049,1940.0000663726073
FDV23,OUT049,2062.828763294846
FDY28,OUT049,3539.399250704301
DRG51,OUT013,2121.0215546694726
FDD45,OUT019,201.00800276480996
NCL18,OUT027,5126.635038178429
NCM29,OUT013,2064.9694497668675
FDF17,OUT027,5089.490764586511
FDE22,OUT017,2484.5236329810637
FDQ22,OUT017,570.6445888919549
FDS01,OUT013,3177.5049160513618
FDW35,OUT027,797.3445778656692
FDJ33,OUT046,2033.8753297782123
NCF54,OUT035,2891.8615291960114
FDE09,OUT013,1688.7676679825981
NCE06,OUT045,2268.0306789039446
DRH49,OUT049,1231.3654281839192
FDY43,OUT045,2788.648702010697
NCT05,OUT017,3822.5291051495687
FDZ34,OUT045,3114.4227184091687
FDL38,OUT017,1259.7151174777093
FDZ31,OUT017,3108.721063340133
FDR14,OUT035,888.1785980141389
NCN54,OUT049,1224.1013567534092
NCC42,OUT027,3677.483332108062
FDK08,OUT017,1386.084547783435
FDP59,OUT013,1514.6198114363788
FDV22,OUT035,2823.6701943323437
FDD33,OUT035,3616.631187855013
DRE60,OUT027,4195.048284392939
FDK52,OUT046,3467.420724635469
FDA02,OUT017,2380.776561630785
FDM56,OUT049,1618.2257281394664
FDE57,OUT035,2075.1017843769155
FDM32,OUT045,1279.1663894182632
NCQ30,OUT027,3043.4703429507626
FDQ27,OUT027,2072.7155215308608
FDT60,OUT027,3247.11061585048
FDU43,OUT049,3763.351289337812
NCO55,OUT035,1685.8289969310206
FDG02,OUT045,2978.5269570701
FDJ28,OUT013,2939.4391375999303
FDP40,OUT045,1831.9781246678886
FDJ38,OUT045,3123.8983732428537
NCC54,OUT017,3606.8890139096343
NCZ41,OUT046,1944.4566499393952
FDK38,OUT019,363.93155043102865
FDU52,OUT013,2237.6756342036665
FDC40,OUT046,1400.955022810628
NCR30,OUT017,1120.734723805157
NCN18,OUT017,2014.7433580811025
FDB50,OUT035,1277.7977905737907
FDG04,OUT013,3087.8436495399114
FDR26,OUT035,2617.9382542557105
NCT17,OUT018,2803.6442914720533
FDX35,OUT027,4532.928170784357
FDS12,OUT046,2073.3780769939863
NCZ29,OUT027,3163.974582117362
FDB38,OUT010,340.00639844230494
FDP12,OUT013,563.4495849992651
FDP22,OUT046,797.7421476511262
FDS26,OUT018,3352.4228372901443
FDR52,OUT046,2999.8589045250465
DRJ13,OUT046,2548.030608763775
FDU48,OUT027,3367.17374186277
FDE29,OUT035,1224.062281407488
NCT29,OUT049,2058.1506104926098
DRK37,OUT018,3244.781093598457
FDK55,OUT046,1219.428697074899
FDR07,OUT046,1481.1103436506787
FDO21,OUT027,4822.477533443337
FDK46,OUT049,3815.9682617126255
FDB12,OUT045,1740.1581507238159
FDT31,OUT027,4545.170976061659
FDJ33,OUT045,1930.6669781205314
FDC26,OUT027,3419.1124409264
NCQ02,OUT045,3020.0709613137506
FDP08,OUT010,520.257060546794
FDB11,OUT027,4277.474444530473
FDV55,OUT013,2334.786020927378
FDW20,OUT049,2238.1890785305955
NCJ18,OUT019,264.0467799801414
FDC41,OUT018,1131.2493962669394
FDE14,OUT027,2621.078668521957
FDG35,OUT013,2702.7880928322497
FDF45,OUT035,1049.967486171973
FDS19,OUT027,2377.7219314663153
FDS58,OUT019,379.4287262829127
FDA26,OUT017,3470.2948228239857
FDM32,OUT049,1247.1409502889512
FDL45,OUT046,2053.0488541898094
FDZ55,OUT049,2469.0555197899507
FDY37,OUT049,2331.0094786963577
FDO46,OUT046,2871.2588517020718
FDQ60,OUT046,2301.630135550151
FDA19,OUT018,1749.998423903716
FDL15,OUT046,2606.5169415897444
FDM10,OUT018,2994.435669662585
NCL05,OUT017,615.5157170592184
DRK49,OUT010,80.63780503806214
NCE18,OUT027,5002.859688366488
FDG40,OUT049,576.3465976569308
DRI59,OUT045,3397.1587326902577
FDK28,OUT035,4112.448930435391
NCD06,OUT019,125.0702158275677
FDO11,OUT019,402.4268478528942
FDK27,OUT046,1985.0838627514815
FDT43,OUT027,1519.8186907988413
FDD38,OUT018,1420.919207436224
FDA16,OUT049,3488.6510711960473
FDL14,OUT027,3646.8255423463065
NCM17,OUT049,651.2468816894193
FDD20,OUT045,2021.837669105899
FDA40,OUT045,1312.7083958556864
FDL43,OUT045,1315.8747308350296
FDV15,OUT045,1899.2061999889352
FDE52,OUT046,1334.9327401503224
NCL17,OUT010,351.60499507049224
NCJ31,OUT045,3677.7856469200196
FDR60,OUT045,1216.6105962023037
NCA18,OUT035,1736.5687066032353
FDS21,OUT027,1458.070479704458
FDW09,OUT035,1302.063505996281
FDL26,OUT035,2482.9198571407724
FDS47,OUT018,1249.2058315541226
FDC39,OUT046,3235.3845228578593
FDT51,OUT035,1771.2604998126262
FDK40,OUT035,4303.1325643929995
NCG19,OUT045,3435.363557241044
FDZ07,OUT046,1101.875457400641
FDF08,OUT027,2830.9007910928067
FDO04,OUT013,822.7952405261728
FDK41,OUT018,1201.8748996530014
FDP15,OUT049,3900.804901211753
NCD43,OUT018,1625.0094743644595
NCP18,OUT013,2422.3853537881105
FDZ51,OUT046,1408.6769572389528
DRH13,OUT035,1754.3534252438767
FDF38,OUT045,589.9490797171587
NCI43,OUT045,707.4047819434403
FDM38,OUT027,1700.2431210970096
FDS03,OUT013,1105.8380348737344
DRJ47,OUT017,2803.283942439038
FDT50,OUT010,163.70714641842238
FDV02,OUT046,2779.444899346455
NCG18,OUT017,1746.653220946269
FDW52,OUT046,2747.436578713536
FDS40,OUT035,595.723656802508
FDN31,OUT017,2985.7731990667444
FDA37,OUT045,1871.6271015905502
FDA15,OUT046,4267.145813160163
FDL39,OUT046,2908.540112814231
FDJ53,OUT045,1811.9032366028578
FDX22,OUT013,3288.832291769664
NCZ42,OUT045,3664.2835296111602
FDD56,OUT027,4117.204450858232
FDD40,OUT017,3198.562884746413
FDS50,OUT013,3659.992433988148
NCN14,OUT013,2905.833152518072
FDT15,OUT013,2968.815192628716
NCS18,OUT027,2850.0880126294314
NCO26,OUT010,256.65618996405806
FDF58,OUT018,1001.6315183078804
NCB19,OUT013,1542.1961101152767
FDH26,OUT017,2091.9983681293206
DRB24,OUT027,3087.8695404402506
FDA49,OUT018,1314.0683198314312
FDB32,OUT045,1434.9410849057426
FDI36,OUT017,3201.125971669847
NCA17,OUT010,320.03681839971927
FDH22,OUT013,2010.0514838022602
NCM26,OUT018,2493.5165033218755
FDT15,OUT027,4710.30462277146
FDB16,OUT018,1239.1799748464452
NCP54,OUT027,3261.3105253908097
FDJ36,OUT013,1802.5542813722623
FDO28,OUT045,1928.7535475196464
FDU09,OUT013,852.7450321210584
FDF29,OUT017,2070.756058914627
FDY08,OUT013,1951.858660568634
DRJ59,OUT018,404.884565587717
FDT23,OUT027,2267.6513955406513
FDU15,OUT018,349.2314797683588
FDT47,OUT013,1669.4139110755352
FDI53,OUT019,454.70026446473946
FDR59,OUT018,3661.2934243792274
FDD53,OUT035,626.4160320142124
FDY51,OUT017,3256.394592114757
FDT04,OUT049,612.9993334366937
FDU51,OUT049,2848.587488260754
FDG14,OUT035,2559.7331268239923
NCU06,OUT045,3618.343313364853
DRG25,OUT046,2929.120588498115
DRH49,OUT035,1163.1443010203861
FDN15,OUT035,2138.10507220238
FDL43,OUT018,1059.9234941531204
NCT18,OUT049,3203.845980442018
NCB31,OUT013,3640.931312938083
FDK57,OUT035,1888.1835905436174
FDY04,OUT019,415.80246623885904
NCP54,OUT046,2121.99998408423
FDF41,OUT013,3627.666887143377
FDM01,OUT045,1798.6897387276224
FDW03,OUT045,1770.7469812618842
FDF28,OUT045,1910.8988449526476
FDY37,OUT017,2242.67735987125
FDQ03,OUT017,3348.795605232257
FDP51,OUT027,2891.8565197643334
FDJ40,OUT017,1864.6430742526363
FDC32,OUT049,1324.1654518788584
DRI49,OUT027,2712.9276903044233
NCW54,OUT017,826.9988809075105
FDF09,OUT017,548.1347823475621
FDP45,OUT018,3106.378303181785
DRJ23,OUT018,2870.8169560566184
FDS59,OUT017,1929.981181042527
FDY08,OUT046,2045.159405292735
FDX16,OUT049,2599.4209879720383
FDY16,OUT018,2670.3999088904384
FDK32,OUT035,2675.3685201498974
FDQ22,OUT013,604.5765718954502
NCC31,OUT018,2413.7882982458095
FDG58,OUT049,2572.491670777382
DRF48,OUT013,2881.0171522372348
DRH36,OUT049,1216.770153602619
NCR30,OUT035,1163.705952260551
FDB03,OUT019,657.6052290472268
FDZ28,OUT027,3119.104237188196
FDR35,OUT017,2989.0127929158266
DRD15,OUT027,4793.916480047901
FDJ33,OUT019,356.3465625128321
FDA56,OUT010,182.37673120356246
FDP56,OUT046,832.2678573744383
NCT30,OUT046,797.2270283158618
FDK15,OUT017,1602.9737445694286
FDH44,OUT018,2013.5457748228944
FDV01,OUT013,2288.68507786293
DRG03,OUT017,2422.5611367403103
FDG50,OUT027,2519.5361263379564
FDR16,OUT010,669.8525470309902
FDZ60,OUT046,1466.332779064166
DRG03,OUT045,2617.654116002492
FDS56,OUT018,3578.8241986624607
FDU33,OUT045,892.4570075094083
DRD27,OUT035,1505.2791506757362
FDW22,OUT046,3725.5151323431055
DRA24,OUT045,2534.843400522359
FDF38,OUT049,598.9605729667913
FDX48,OUT013,2225.752067121006
FDS58,OUT018,2398.7983552185424
FDC32,OUT046,1356.856363844009
NCQ29,OUT045,3510.83395283529
DRK39,OUT018,1210.7264734608834
NCS38,OUT017,1827.5065385178273
DRO47,OUT013,1955.9985185738917
DRG27,OUT027,944.3170564472186
FDC57,OUT027,4750.054360797421
FDS55,OUT046,2514.6996619361785
NCJ06,OUT018,1932.274174765955
FDO01,OUT019,239.21075522233147
NCM55,OUT045,2994.396620744639
FDC52,OUT049,2480.8658086484766
FDQ15,OUT045,1315.5834630248899
NCT30,OUT027,1346.8515885798552
NCR42,OUT027,1013.5004954670331
FDD28,OUT035,826.1172517302731
FDQ34,OUT049,1647.607854699057
FDZ12,OUT027,3324.425918929554
DRE13,OUT019,188.06701906434856
NCN07,OUT019,263.90663995270194
FDM28,OUT035,2972.264310155497
FDI10,OUT017,2999.4653417720565
FDQ25,OUT013,2658.7224804088833
FDA38,OUT010,562.3547862692002
DRI13,OUT049,3372.212689212899
FDY20,OUT027,2899.060733182449
NCZ53,OUT035,3013.736295159293
NCM31,OUT013,2600.2846693308106
DRB01,OUT017,2884.7784506312646
DRF37,OUT046,4090.163118507455
NCF42,OUT049,2760.819117008501
FDF16,OUT018,2262.495462473723
FDB41,OUT013,712.8544070611927
FDR34,OUT013,3797.8827878302395
FDR15,OUT018,2196.4210844049767
NCV42,OUT019,287.90867043136075
FDW51,OUT035,3565.342984903047
FDU36,OUT017,1612.3065638698065
FDX60,OUT049,1300.348787350393
FDY03,OUT035,1763.9348923995299
FDW55,OUT045,3592.989735856769
FDT01,OUT010,605.8379437249795
FDG58,OUT013,2325.7342732309266
FDK21,OUT017,4045.793003674411
NCS41,OUT019,375.4496027598073
FDS10,OUT045,2845.967573460096
NCT53,OUT046,2371.613371245058
FDJ28,OUT018,2598.597254914179
FDX44,OUT045,1273.481040757049
FDT20,OUT018,363.6050723930799
FDO44,OUT017,1718.1348840581993
NCX17,OUT049,3348.8211349834205
FDY01,OUT017,1825.008122404008
FDJ12,OUT027,4811.431991324528
DRK35,OUT018,412.27406496325204
FDD47,OUT019,477.36380286746333
NCM53,OUT035,1700.2392586619942
FDO45,OUT013,1246.8881298831718
NCM42,OUT010,264.0280209484257
FDE04,OUT046,2853.020472823306
NCI30,OUT027,4129.600659784067
FDZ19,OUT013,2756.955434955927
FDW57,OUT013,2925.204276579574
FDA25,OUT013,1712.3817819691963
FDT22,OUT046,907.4627430374417
FDP51,OUT013,1886.4778549412702
FDD48,OUT027,2662.543376992584
FDY39,OUT035,3026.140599182493
FDO48,OUT010,612.4946211503446
FDD23,OUT027,4326.947733981805
DRN35,OUT027,983.1284896764369
FDT01,OUT035,3484.8122670533658
FDC20,OUT010,160.65263532404978
DRJ35,OUT035,1080.5132764047612
FDB32,OUT046,1334.9939329491867
FDL24,OUT046,3046.51410319077
NCV42,OUT035,1930.4126649761788
FDZ46,OUT046,1758.584112945077
FDC15,OUT013,2238.365588102242
FDD08,OUT019,69.64115595475681
FDY50,OUT049,1415.5065449282347
FDD36,OUT013,2175.246713855011
FDG57,OUT027,1552.280391803501
FDL21,OUT018,475.0416127400201
FDN16,OUT027,2794.2824255201767
FDJ09,OUT027,932.690526540859
FDS01,OUT010,398.22149052530204
FDV33,OUT017,3519.9172417131326
DRE12,OUT017,1564.7895758546053
FDR07,OUT013,1461.8354637391635
FDP48,OUT010,600.2496964869609
NCB55,OUT035,802.6817270066382
FDQ08,OUT013,787.4489587728966
FDR34,OUT035,3836.0116409488865
FDO33,OUT046,1783.8367289142248
FDP13,OUT045,648.4673359056343
FDX12,OUT049,4004.3883277158166
NCT06,OUT049,2783.5667897039443
FDR16,OUT019,517.8111642587892
FDE36,OUT046,2877.229303606624
FDZ36,OUT049,3461.2253823273822
FDV13,OUT045,1270.2490040783325
NCZ17,OUT035,599.968377050846
FDU56,OUT045,3009.1317086836375
FDM09,OUT035,2973.738616934331
FDV02,OUT017,2878.861970131344
FDS34,OUT018,1592.3690853804517
FDA11,OUT049,1482.6408673684743
FDP09,OUT017,3616.2487441462845
FDB29,OUT027,2618.0615829929025
FDT19,OUT017,2972.287685586727
DRH15,OUT017,694.5015980192821
FDY38,OUT046,3669.2415392403996
FDF14,OUT027,3119.712372081712
FDN48,OUT010,334.2944133043046
FDQ12,OUT013,3566.9271069190304
NCJ43,OUT045,2896.1236520769253
FDE17,OUT019,304.89683881959587
FDB05,OUT035,3866.0864512070107
FDH10,OUT045,2317.636423087695
NCR06,OUT017,684.8331665798949
FDU32,OUT018,1837.855577781543
FDD56,OUT049,2787.0293734240786
FDO36,OUT018,2741.3881728117367
FDH16,OUT010,215.775605493396
FDX10,OUT018,313.7314308114026
FDZ37,OUT017,1383.294926837836
FDU31,OUT010,602.6362947058755
DRC49,OUT049,2155.0695368665974
FDL15,OUT045,2620.151366662553
FDN32,OUT019,522.4059315039797
DRH59,OUT027,2156.9715110670736
NCU29,OUT049,2473.810996589772
FDR37,OUT019,517.4169323237385
FDS14,OUT018,2249.914534877631
FDU02,OUT027,3941.276184088895
FDJ08,OUT035,3012.1160092734035
NCZ06,OUT045,3603.646155891996
FDO31,OUT049,1419.9300635361674
FDH31,OUT018,1384.4328392845073
FDS58,OUT017,2449.0868754790795
NCA53,OUT027,1176.6655105989823
FDF50,OUT046,2822.887562711709
NCW42,OUT049,3416.954695861679
NCQ17,OUT045,2617.5217184077724
FDK51,OUT018,4402.40915323166
NCW41,OUT010,352.7263539449284
NCR29,OUT017,788.2754265642521
FDB08,OUT019,299.9392170772104
FDA40,OUT027,2562.011794492792
FDL14,OUT018,2292.2032118638645
FDB47,OUT046,3471.148663448003
FDO03,OUT035,3514.2144033050367
DRK13,OUT019,364.2366667968536
FDX13,OUT010,492.8705477505576
FDF52,OUT046,3048.9759850617056
FDT11,OUT013,3043.172412728518
FDB08,OUT013,2415.5794941981612
FDQ28,OUT018,1928.6458660199655
FDD29,OUT045,4160.169420261744
NCQ29,OUT027,4548.450203298155
NCO02,OUT013,1016.7996285277342
FDR56,OUT010,467.98215856494113
NCM54,OUT049,2039.4466657391354
FDP51,OUT035,1846.180524030451
FDT38,OUT013,1220.455074349092
FDZ20,OUT018,3361.0253805309276
FDJ53,OUT013,1915.002651194799
FDX13,OUT049,3971.7440115558843
FDP58,OUT035,3622.5470951669126
NCK31,OUT019,134.70653136320018
FDA35,OUT018,1737.6358764704983
FDV37,OUT018,2575.2411793251267
NCO07,OUT027,4502.070367896037
FDA20,OUT045,2924.0384533886645
FDZ59,OUT035,2890.0482547154634
NCY17,OUT017,636.4092801336459
FDQ28,OUT035,2680.7498091112943
FDV35,OUT017,2487.0722240740843
FDQ36,OUT013,571.2019741545654
FDD34,OUT018,2410.826460910452
FDK51,OUT045,4647.852061381109
FDV31,OUT035,2666.3426434148428
FDR04,OUT035,1520.4499076809852
FDR14,OUT049,918.3433513598098
DRC36,OUT010,570.0332118720934
FDE39,OUT019,263.79744526431983
FDP57,OUT049,1633.4996737022818
FDE57,OUT046,2055.740501625803
NCN18,OUT046,2021.0320988276508
NCQ05,OUT018,2370.6038681922214
FDW47,OUT035,2065.8037636773374
FDV46,OUT035,2144.6034874446764
NCP29,OUT045,1146.2749317050277
FDE09,OUT018,1736.645792227067
NCU06,OUT027,4634.950996709275
FDT19,OUT010,648.316473672877
DRF15,OUT017,2261.081792908899
DRI51,OUT013,2502.802094255223
NCX54,OUT013,1815.7543014373764
DRE01,OUT013,3737.47985608322
NCB07,OUT045,2930.2845901817136
FDU50,OUT035,1732.1870560374125
FDG40,OUT035,585.8237432512122
FDW10,OUT018,2468.671114922703
FDX51,OUT013,2957.371176583187
NCP17,OUT045,1083.9934925082225
FDP21,OUT035,3013.2724086326048
FDL04,OUT045,1643.8539891414089
FDV23,OUT013,2033.182263299036
FDF24,OUT046,1303.8684420973104
FDH56,OUT027,2912.4141117175514
FDB51,OUT049,963.9542517084575
FDI58,OUT027,2352.2910270158745
FDR20,OUT013,742.7301786550414
FDC51,OUT018,1841.371763844977
FDB16,OUT027,2174.2319420185954
FDE40,OUT049,999.7805951701437
NCM17,OUT035,658.2138260353881
FDU56,OUT035,2999.535987410142
FDS32,OUT019,267.3036630773393
FDX02,OUT049,3547.0684313857996
FDT39,OUT027,4064.782039122452
FDE35,OUT017,805.4838043194026
NCI42,OUT019,739.8566413787006
DRL23,OUT046,1678.1475501251057
FDA10,OUT046,2002.7990779856784
FDA11,OUT013,1481.7263910985778
NCM06,OUT046,2400.9979511311603
NCT05,OUT035,3865.975593598754
NCQ02,OUT010,457.8152539217998
NCY06,OUT049,2116.9215679584295
FDY56,OUT035,3640.239509038793
FDL02,OUT035,1748.7405768786616
NCI06,OUT035,2877.283804581247
FDQ14,OUT045,2540.725397995417
FDQ12,OUT017,3374.2464854666337
FDP36,OUT046,826.514250885199
FDK21,OUT027,4752.2642824302275
FDO40,OUT045,2550.331108490772
NCK54,OUT019,240.6734170731131
FDY09,OUT018,2716.3901735511677
NCW30,OUT049,3438.826262694004
NCC55,OUT027,963.5398347214164
FDE58,OUT018,1641.852530337399
FDR39,OUT013,2924.948070831087
FDU28,OUT049,3058.988101731304
FDH08,OUT017,3497.265597722048
FDG35,OUT045,2971.7564495016477
FDG22,OUT049,576.9788881928142
FDC34,OUT035,2982.303453980658
FDP15,OUT018,3224.900198724001
FDK34,OUT010,601.0723303675949
FDU45,OUT035,2002.0233038686824
FDQ04,OUT027,1007.7367701506831
FDX22,OUT018,3046.2727915292285
FDB45,OUT017,1628.8920580789534
NCH43,OUT027,4420.993732059415
DRE60,OUT046,3284.47880356858
FDD17,OUT027,4957.753834650799
NCM54,OUT017,2038.3565734658741
NCH55,OUT013,1978.9608062334737
NCT06,OUT017,2588.766067198154
FDA48,OUT027,4603.82424334483
FDY58,OUT027,4774.231860311748
FDO25,OUT045,3716.905028784523
FDN50,OUT045,1420.1356828747587
FDH35,OUT035,2804.727596992978
FDK09,OUT045,3449.03427146231
FDO16,OUT013,1718.4811038429864
FDW11,OUT045,1072.3365670073995
FDU47,OUT027,4086.823026439589
NCQ42,OUT010,266.3106010277583
FDK55,OUT027,2855.5091343831405
FDN08,OUT049,1871.1937691602132
FDT57,OUT045,3578.564220155358
FDJ12,OUT018,3275.306706085356
DRL59,OUT017,827.9099323257553
NCN53,OUT046,610.4404053653998
FDO51,OUT010,94.48387150596982
FDK56,OUT017,3100.2144912260687
FDY12,OUT035,950.905610811257
FDU15,OUT035,600.8790132929282
FDQ19,OUT046,3763.6090537324144
DRF15,OUT045,2440.3552590246272
DRE25,OUT019,161.1442856359792
FDK57,OUT018,1823.2911279072193
FDD33,OUT010,669.4564135936298
FDR34,OUT027,4903.44088038074
FDU04,OUT045,1995.8735997666945
FDE35,OUT019,125.6239268932699
NCD31,OUT035,2804.5948069693973
FDJ56,OUT035,1611.6867362133294
NCU53,OUT046,2314.5001909841526
FDD39,OUT035,3571.6516549992043
NCU17,OUT019,255.78888046930072
FDJ20,OUT046,1969.0306699238406
NCW41,OUT018,2552.665110360888
FDL52,OUT035,643.3920447823406
FDS39,OUT035,2145.7681810738436
DRJ47,OUT045,2769.6851314672567
FDP13,OUT010,141.33947072352282
DRK39,OUT010,188.93765686119778
FDF28,OUT010,265.97078833457624
FDB09,OUT045,1842.5440801808916
FDM51,OUT046,1378.1510758237246
DRM49,OUT018,437.5774260674828
DRF23,OUT013,2806.413666027922
DRH01,OUT035,2943.387462089699
FDH12,OUT027,2733.451614466602
FDA28,OUT019,276.9862719949978
FDW37,OUT018,1246.7905489365708
FDF02,OUT046,1751.0663194451918
DRL37,OUT046,701.0909785830519
NCF43,OUT046,2089.1926304912504
FDH08,OUT010,529.9083208188704
FDR34,OUT019,537.9938357077215
NCK19,OUT049,3117.7863605578045
NCD55,OUT018,467.0132492726891
FDT27,OUT049,3516.1080516869015
FDQ57,OUT045,2459.4625006956444
FDA47,OUT035,2646.2876152707086
DRG15,OUT027,2263.457101347509
FDE05,OUT018,1960.5898405264709
FDN46,OUT046,1729.2616221963333
FDX27,OUT027,3052.2519479439575
FDT51,OUT045,1753.1959184423686
FDU33,OUT013,667.6802695527174
FDJ16,OUT027,1632.7523779708383
FDD20,OUT019,255.89874300593942
FDT36,OUT049,564.3572049700998
DRF15,OUT027,2851.601078267149
FDN52,OUT010,162.42941452389056
FDC22,OUT027,5168.100989405401
FDX15,OUT045,2726.7509006396986
FDT13,OUT013,3081.3346523988857
FDU04,OUT017,2036.7471912914616
FDU31,OUT019,534.9713463190884
FDW59,OUT027,2205.667159515847
NCO29,OUT046,2635.465330176421
FDL15,OUT035,2628.3402249851183
FDI41,OUT049,2451.868610425053
FDQ48,OUT049,1667.5868997974176
DRI39,OUT013,848.5227126748836
FDI08,OUT013,3909.7291577347123
FDC21,OUT049,1838.2122020258446
FDF58,OUT035,1258.0149592638961
FDS08,OUT010,387.311831431177
FDE47,OUT045,1882.7692046936784
NCP18,OUT019,271.8817312734893
NCR41,OUT013,1406.6585919479119
FDA27,OUT013,3423.2318702169136
FDA43,OUT035,2998.722490881198
FDA49,OUT045,1326.0168304804406
NCE55,OUT018,2733.89899319664
DRM49,OUT027,1010.5638393307873
FDF22,OUT027,4632.3951361925565
FDQ15,OUT018,1251.8296706611632
NCS54,OUT017,3152.349272602787
NCY05,OUT013,568.6377001196481
FDR45,OUT046,3471.003698333761
FDK57,OUT049,2124.46195566829
FDF41,OUT010,728.0331628358928
FDV21,OUT046,2168.167128008316
FDD51,OUT046,814.2036111809449
FDF33,OUT046,1815.1544124128952
FDA38,OUT046,3488.1136747169307
FDR56,OUT045,3031.8740994196805
NCN41,OUT017,2011.4832213295065
FDC60,OUT027,2656.9184013225727
FDB47,OUT045,3207.459295594666
DRH01,OUT013,2808.6004850750505
FDW08,OUT046,1933.4615223270305
FDF38,OUT027,963.9742296251511
FDY32,OUT017,2343.2636966703044
FDG34,OUT049,1682.4205878274995
FDG47,OUT019,696.4920539816029
NCF18,OUT035,2969.3008227924483
FDL39,OUT019,502.3201086197677
NCH55,OUT035,2030.5358385373238
DRJ35,OUT049,982.3890574263589
FDS44,OUT035,3732.2752904119984
DRE01,OUT018,3757.3064589300443
FDY39,OUT013,2947.4785258175166
FDY32,OUT018,2354.9315849711625
FDR33,OUT027,3524.9138109033943
NCP50,OUT049,1218.0754048410295
FDZ47,OUT018,1467.8564484162466
FDU57,OUT049,2396.716636210038
FDY44,OUT013,2898.051975250086
DRH59,OUT018,976.2815591117737
FDB03,OUT027,4356.501739979765
FDY46,OUT045,2873.5419505125988
FDM39,OUT045,2771.040130478974
FDY36,OUT035,1279.2682115259056
NCM55,OUT035,3000.072093435561
FDJ50,OUT010,159.32986530750668
DRL60,OUT013,2280.3086447649666
NCJ54,OUT049,3695.614646770563
FDX59,OUT017,552.9105444382219
FDI07,OUT013,3156.3568103432103
DRF51,OUT010,167.37571318565344
FDM14,OUT017,1712.0760978887959
FDP21,OUT045,2983.9245374202874
FDE40,OUT035,1198.319833614701
FDE05,OUT035,2551.833380966042
FDM13,OUT027,3219.217790248348
FDC34,OUT027,3787.4880430925014
NCI55,OUT018,1958.4708514833526
NCE43,OUT018,2565.9990989671387
FDW58,OUT018,1412.2661772380413
FDG60,OUT045,3578.727966190983
FDV31,OUT017,2793.3982799795253
FDR47,OUT013,2846.974835116851
FDM60,OUT019,73.39182881765063
NCF06,OUT018,3115.1907968894084
NCN26,OUT027,2091.873196901131
FDQ59,OUT049,1272.9608562894225
FDF09,OUT046,574.1763448128391
NCS06,OUT017,3174.0451292504663
FDT44,OUT046,1888.456804686063
FDI19,OUT017,3573.0239220274925
FDT22,OUT017,901.3396981444498
NCF54,OUT027,4380.424994298989
DRG25,OUT045,2919.450757576122
FDB59,OUT017,2824.3762298625516
FDQ37,OUT017,3117.998372438147
FDP56,OUT035,780.5720574105355
FDW44,OUT035,2843.925752845539
FDJ26,OUT010,484.7913150527938
FDU43,OUT018,3570.4253792141694
FDW33,OUT045,1656.8052998088478
NCX53,OUT027,3197.064926657373
FDN56,OUT010,517.866116189519
DRF15,OUT049,2364.7974724407204
FDO33,OUT017,1786.5789414462956
FDZ39,OUT010,234.33381948816518
NCJ19,OUT017,918.2395502315687
FDU01,OUT035,3240.4600757668213
FDT12,OUT035,3771.357664672594
NCM18,OUT018,1007.1055549261702
FDP19,OUT017,2049.834223517083
NCR42,OUT049,557.0239503048182
FDN10,OUT046,1949.1389268390367
FDG44,OUT017,849.3876201850608
FDQ10,OUT046,3036.914043643924
DRH13,OUT049,1693.0889450443321
FDT52,OUT013,3665.2562024263225
FDM56,OUT045,1619.8535691352622
NCO43,OUT010,308.07196393867923
NCV29,OUT035,3005.027099376765
NCF06,OUT013,3696.1063185430535
FDO50,OUT035,1460.8196574848457
FDT59,OUT013,3734.9010286695143
FDX40,OUT027,955.5814543701906
FDE50,OUT017,3302.8864608773715
FDX51,OUT017,3017.818707177419
NCD30,OUT018,1424.0549914945361
FDK15,OUT013,1602.7623416018378
FDL12,OUT045,1343.5878763452936
FDK46,OUT017,3512.079703939507
DRH49,OUT010,160.68855224394994
FDQ57,OUT046,2461.648752866166
FDY59,OUT017,1475.950290298872
FDO09,OUT018,3444.6296263978625
NCG30,OUT035,1944.2634198728547
FDM09,OUT017,2748.862987634352
NCN17,OUT027,2682.5109214093377
NCS42,OUT013,1414.2521841711362
FDD02,OUT019,287.6863600204605
FDE34,OUT013,3055.985670984176
FDU38,OUT045,3071.3723930713545
FDB33,OUT046,2716.0918863141387
NCJ29,OUT017,1295.5073010080635
FDZ27,OUT035,740.6836171460991
FDI40,OUT013,1399.8260254364839
FDG22,OUT013,559.1226400941165
FDT51,OUT017,1772.3702915428498
FDF20,OUT018,2572.0723383788727
FDV50,OUT035,1926.7868372756855
FDT02,OUT049,597.8277192633253
DRC49,OUT017,2426.5145415527454
FDF26,OUT049,2399.6507718171183
FDV52,OUT035,2074.8815752506957
FDX59,OUT049,584.859410415078
FDV25,OUT035,3645.3534897360632
FDW23,OUT027,980.8071908206813
FDE53,OUT018,1356.9239182831502
FDA19,OUT017,1913.7986621316127
FDH22,OUT046,2040.878810870221
NCO41,OUT013,1467.1297684086237
FDX12,OUT017,3563.8063300498056
FDF17,OUT013,2894.952519108356
FDS11,OUT045,3627.196052426793
FDR51,OUT035,2659.286777532482
FDT49,OUT010,176.17914356401423
FDC56,OUT013,2204.0567123095634
FDR13,OUT027,2572.2085739094714
FDQ60,OUT035,2165.935540664591
FDN38,OUT049,4048.0990001208625
NCL29,OUT013,2546.5703381942485
FDO13,OUT027,4165.327633053327
FDE26,OUT018,2260.691053867316
FDA31,OUT010,545.0591652703969
FDX14,OUT035,1337.7176279597115
FDA34,OUT045,3326.5286090420127
FDF26,OUT013,2332.3236390218217
FDE38,OUT045,2774.8610153903005
DRI11,OUT046,2052.959123097733
FDQ60,OUT027,3011.9991750595514
FDL21,OUT027,919.7089698296685
DRC12,OUT027,4208.060126302947
FDC47,OUT046,3623.972549858914
FDE57,OUT045,1941.819199815554
FDT14,OUT045,2093.4128703219185
NCZ53,OUT046,3007.7788502606936
FDE28,OUT018,3720.4624195285287
FDR19,OUT035,2568.3045467446386
NCF54,OUT019,386.4752535293295
FDZ08,OUT046,1346.4980764212005
NCJ05,OUT018,2538.1601720884914
FDF59,OUT046,1995.2428547071872
NCO05,OUT035,1697.4069709686612
FDW24,OUT018,712.7588717452127
NCX42,OUT018,2555.1726856625605
NCA53,OUT035,727.9085926872921
FDI45,OUT019,347.1973236196378
FDG46,OUT046,2128.2018899574323
FDM20,OUT010,627.2294611016431
FDW11,OUT010,147.78785670969674
FDX08,OUT035,2919.7439100737024
NCK17,OUT035,621.625140941576
FDK32,OUT018,2251.8554665047877
NCA42,OUT035,2529.624665623305
DRI01,OUT035,2902.455847819243
NCL55,OUT049,3776.539220911375
DRE25,OUT018,1454.6167374302377
FDD14,OUT017,2989.2793355145445
FDB10,OUT046,3691.191962869884
DRN11,OUT035,2500.2829767092794
FDP38,OUT018,742.8060414267516
NCA30,OUT017,2947.640264424899
FDT15,OUT017,3093.138087399219
NCP55,OUT018,853.1957205165884
FDF12,OUT035,2451.4395581216286
FDM21,OUT018,3613.672495439977
FDX56,OUT035,3332.598251488921
FDF10,OUT017,2712.695359467909
FDT32,OUT045,2906.7625449337215
FDM51,OUT018,1382.203776174835
NCR50,OUT018,2554.8731297554477
FDI19,OUT049,3720.9491001170572
FDX21,OUT017,1724.0245655649082
FDR31,OUT035,2592.2932627743644
FDY02,OUT013,3601.1088607101633
NCA29,OUT045,3142.321763550411
NCX17,OUT046,3494.8376884388204
FDM12,OUT045,2995.26241026435
FDI53,OUT027,4177.789149139782
NCU30,OUT049,2798.7906476766443
FDC56,OUT027,3520.323851987513
FDK27,OUT018,1791.5943386223194
NCK18,OUT017,2988.655428957116
FDB52,OUT019,465.28169896411833
DRG25,OUT027,4556.296119100849
FDZ13,OUT049,891.2720779933012
FDB57,OUT019,619.0076906309498
FDR40,OUT046,1350.4083904130528
NCO14,OUT019,113.71741275762673
NCN19,OUT045,2950.668755499885
FDQ28,OUT019,314.1440509500243
FDO13,OUT018,2291.810459552295
FDK48,OUT013,1274.8187538196314
FDU07,OUT018,2137.766857676525
FDW20,OUT046,2264.2314153138564
FDV12,OUT010,338.38259978483666
FDH24,OUT013,2287.387825723635
FDV59,OUT049,3472.5231448441273
FDK57,OUT045,1976.937713881013
FDL16,OUT027,1149.8843684476365
NCQ17,OUT046,2622.1997005985086
FDJ15,OUT018,2649.131452139478
FDX24,OUT049,1444.4303296170044
FDT47,OUT046,1775.056174238631
FDT10,OUT049,1038.2456396803711
FDZ37,OUT018,1327.7448808752497
FDW43,OUT027,5171.171055269433
DRN36,OUT017,1541.448370721406
FDJ14,OUT045,1285.7594971241538
FDA32,OUT013,3370.695627200006
FDJ38,OUT019,567.5947293597503
FDQ57,OUT017,2491.66648376875
NCQ41,OUT019,426.006195781923
FDG56,OUT049,955.7320696182101
DRC13,OUT027,3294.591822372729
FDV55,OUT035,2607.96002668992
FDQ49,OUT045,2515.868322138668
FDE29,OUT010,274.9928445763081
FDR03,OUT013,3681.92539970235
FDD45,OUT049,1406.3112886856557
FDN38,OUT010,613.1648514892316
FDT56,OUT046,814.8023145446871
FDT48,OUT045,3239.206394308445
FDU03,OUT049,3022.0725296722767
FDC56,OUT010,187.7451513918652
NCO43,OUT027,2715.083812692947
FDQ27,OUT017,1968.5714059976117
FDR03,OUT046,3280.850730988217
DRH23,OUT010,301.30682744678575
FDG22,OUT045,611.1655751312144
NCJ42,OUT013,1653.9425476165936
FDR24,OUT046,1310.3524710057636
FDW60,OUT035,2923.0788812942174
FDJ08,OUT013,3044.192700469669
DRL59,OUT018,788.8339819595043
FDG60,OUT010,526.7821100549053
FDW27,OUT017,2422.8261835123476
FDX14,OUT018,1160.7396804532955
FDC20,OUT013,747.6176749380006
NCS29,OUT018,3268.247623698206
FDJ56,OUT046,1557.0153330280802
FDB20,OUT019,182.84116431678004
FDL28,OUT027,4554.197296473239
FDW01,OUT018,2153.1320424225546
FDL03,OUT046,2420.5664626252747
FDX22,OUT049,3454.8668457390104
FDJ21,OUT035,2705.647754692853
FDR31,OUT045,2410.549872774694
FDG21,OUT035,2866.0433642268245
FDS22,OUT027,1029.3982006048082
FDK08,OUT035,1444.8394979544264
FDE17,OUT018,2172.510943923467
NCN30,OUT017,1476.3418610829392
FDT50,OUT046,1429.6033532499441
NCX42,OUT049,2633.097111949127
FDJ12,OUT035,3624.017598047559
NCA18,OUT027,2565.0595714932138
FDP23,OUT019,546.7231734390654
FDX12,OUT013,4006.7652570302353
FDN40,OUT018,2469.680414364399
FDV48,OUT035,1340.697685907513
NCY54,OUT013,2920.187132843463
FDL16,OUT010,186.7531732694283
FDR45,OUT018,3153.8305183197645
FDJ52,OUT046,2386.266686654768
DRG01,OUT017,1308.1532803705002
FDP52,OUT013,3767.327826175146
FDU58,OUT017,3034.114846815705
FDL02,OUT045,1735.629490222242
FDG28,OUT013,3732.729411955029
FDA19,OUT035,1946.3133936881266
FDW46,OUT027,1923.9774724865229
NCD43,OUT049,1730.3976856092256
DRG39,OUT013,776.6219888785106
NCF55,OUT049,624.9402282148121
FDJ07,OUT046,1960.1049143134971
FDE08,OUT046,2520.390101387535
FDP56,OUT019,127.16942611445698
FDT45,OUT045,789.3552924097994
FDF17,OUT018,2974.890963121532
FDX44,OUT046,1301.522633384545
FDM28,OUT027,4170.957571234761
FDI36,OUT049,2808.0269840189744
FDS07,OUT045,1711.1351112508796
FDD36,OUT045,1953.6357303504235
FDW11,OUT046,1116.1620837232385
FDN40,OUT049,2303.838587027827
NCQ18,OUT049,1490.0812503288173
NCQ54,OUT017,3071.159633053918
NCS42,OUT045,1501.5139649901196
DRH39,OUT010,158.46332160555667
FDC09,OUT027,2629.619069158187
FDT08,OUT010,284.8734392723655
FDC08,OUT035,3961.2775181807974
FDT20,OUT017,564.5889066385388
FDS35,OUT035,1253.5585287982206
FDX58,OUT018,2988.2653400252257
FDW58,OUT046,1690.5809304939091
DRD27,OUT046,1464.7552172028327
FDH32,OUT019,189.77336985836834
FDS26,OUT035,3479.5193662418383
FDQ31,OUT046,1372.0892707388502
FDP11,OUT018,3371.8591243674973
FDD58,OUT017,1590.4831245517253
FDM33,OUT045,3305.1127469504227
FDZ16,OUT049,3279.750741991409
NCS29,OUT010,555.9757780349174
NCM18,OUT019,145.57277485524466
FDP11,OUT049,3363.8841678282247
NCC42,OUT017,2146.2978602283133
DRM23,OUT046,2723.200621169524
NCN55,OUT027,4070.9084476903745
FDK46,OUT013,3806.6976050295775
FDR01,OUT046,3059.239982783089
NCA05,OUT045,2575.8627940641054
NCP43,OUT017,2867.724221163712
FDR12,OUT010,452.66932709185187
FDQ01,OUT013,3523.052095009883
FDM13,OUT046,1842.4139773356512
FDQ19,OUT017,3765.5242511823076
FDK56,OUT019,548.8187178158996
NCX06,OUT010,430.45101507076527
FDO56,OUT027,2924.6030780925294
FDU45,OUT045,1967.4386496852678
FDI16,OUT019,273.9151512730971
FDL32,OUT046,2094.2662403218164
FDA07,OUT046,2060.859371785573
FDA14,OUT045,2504.489733938723
FDV46,OUT027,3210.2840443130935
NCO07,OUT035,3359.5702947131294
NCP41,OUT046,1672.6952924363566
FDY60,OUT018,1719.144928362382
FDN38,OUT017,3423.290377735335
FDO15,OUT046,1247.9394500394171
FDT60,OUT013,1918.6170402902987
FDA55,OUT035,3618.687434978262
FDE02,OUT010,164.46832000213627
DRJ39,OUT049,3175.0996994167285
FDV34,OUT035,1233.734307775515
FDS20,OUT027,4631.971563456269
FDF02,OUT027,3157.086966993848
FDW40,OUT017,2344.965923947402
NCB43,OUT046,2922.9761542359734
FDR58,OUT017,1512.1754191940895
DRJ59,OUT035,625.5707522172014
NCD30,OUT017,1593.249281206457
FDE14,OUT017,1624.7472971745844
FDC28,OUT018,1403.7336236064168
FDU16,OUT018,1210.2822877721665
NCD19,OUT035,861.5149104415733
FDU21,OUT046,587.6536661710697
FDV59,OUT027,4462.743293219264
FDU03,OUT045,2886.5637868812655
FDC33,OUT010,632.0526564653212
NCR42,OUT035,579.7838934118193
DRH59,OUT035,1210.0792520550153
NCM31,OUT035,1949.8507126241398
FDS50,OUT035,3626.69872309845
FDP39,OUT046,772.4538278363216
FDQ55,OUT013,1871.5556168160097
FDV36,OUT019,221.9643759990904
FDI05,OUT027,2473.212810313501
FDS45,OUT027,2712.5294857897093
FDA39,OUT045,641.4921483688698
FDC37,OUT010,304.35472221011753
FDJ60,OUT027,4298.485878517506
DRQ35,OUT046,2090.243956325571
NCJ06,OUT046,2092.5779020006867
NCY42,OUT018,2417.3667007169115
DRM37,OUT049,2873.6639981805474
FDR14,OUT045,804.2835582906107
FDE51,OUT049,640.9558881546687
FDT33,OUT017,2829.514339553269
FDR08,OUT013,1899.2967719874712
FDE36,OUT010,423.86411932365905
FDL22,OUT019,257.3253040616248
FDR44,OUT013,2040.562223505521
FDI56,OUT019,197.35853844175912
FDE47,OUT010,283.1639201332951
FDV27,OUT010,229.6609955923764
FDV10,OUT049,658.5774760033117
FDC40,OUT045,1334.8788569883445
NCX41,OUT013,3671.80417072041
NCQ38,OUT027,2178.541461838547
FDV12,OUT027,2833.0114574780896
FDE52,OUT017,1329.0034496195249
FDG20,OUT027,4080.599870508584
FDV16,OUT027,970.4456592801482
FDI32,OUT017,1875.150287752888
FDJ32,OUT049,1025.8287684448403
FDN39,OUT018,2160.5595915787926
FDY34,OUT017,2905.1521630669818
FDC14,OUT035,622.7129477738123
FDA55,OUT017,3528.5021066778886
FDZ50,OUT010,531.4794105042095
DRG13,OUT049,2720.417886079989
FDP01,OUT013,2210.3957342608614
NCG54,OUT017,2864.0856040756507
FDM13,OUT045,1751.3433558808224
NCO18,OUT027,4355.482577077805
NCW41,OUT013,2537.6624823418274
FDM52,OUT027,3712.134205921978
NCF55,OUT035,666.8165612638852
FDT09,OUT046,2159.4595268442467
NCM19,OUT035,1873.4288507941735
FDW12,OUT018,1957.3363941680527
FDP15,OUT019,608.6509798043016
FDK36,OUT045,816.7533019093913
FDZ25,OUT035,2985.869357184804
NCW06,OUT049,3044.2697470144417
FDW60,OUT046,2958.718124163757
DRC49,OUT013,2261.4998043830765
NCT17,OUT035,3029.6588375720453
NCN06,OUT018,2611.310362861234
FDC45,OUT013,2751.64519882676
DRJ47,OUT019,480.11275228591035
NCF06,OUT045,3387.6902683984413
FDE21,OUT010,259.53493640320636
DRG27,OUT013,661.2423158065824
FDW40,OUT049,2169.7094517264636
NCO53,OUT046,2907.0304285161424
FDE23,OUT049,707.5141765276047
FDQ16,OUT046,1708.504389747861
FDS26,OUT045,3286.3394920558726
FDZ13,OUT010,184.10233039960474
FDS14,OUT049,2300.768939703578
FDC10,OUT045,1803.414172233924
FDY16,OUT049,3066.203522369222
FDJ20,OUT035,1958.4856495166987
FDV43,OUT035,638.2339163080358
FDZ32,OUT027,2545.0082849711107
FDR23,OUT046,2677.9188032593856
FDN24,OUT035,866.7088293875131
FDE34,OUT027,4100.216555764376
FDU31,OUT013,3412.5060289697417
FDW33,OUT018,1528.0926808499653
FDU26,OUT046,1903.0124573399364
FDE20,OUT027,4406.859382695684
NCW05,OUT035,2014.4988616408355
FDB22,OUT018,2332.5063367610915
FDO56,OUT046,1946.7706869239005
FDA19,OUT027,3560.1477743271344
DRI39,OUT045,960.579042144559
FDH52,OUT018,837.8306451179538
FDZ50,OUT035,3151.3614593317247
NCN42,OUT035,2618.500829941291
FDB53,OUT013,2325.6572748234044
DRG11,OUT017,1761.1022556735436
DRK11,OUT027,3365.0018709915403
FDQ60,OUT017,2062.226239935796
FDT36,OUT017,565.4786806660712
DRG25,OUT018,2863.8685387355918
DRJ23,OUT046,2800.5406752682
FDG05,OUT035,2590.6708130420934
NCK06,OUT018,2248.0701875042946
FDU52,OUT017,2259.3895663152916
FDW07,OUT018,1211.0521863592724
NCM17,OUT045,691.6224800360641
FDA22,OUT045,3051.0169586764446
NCA41,OUT018,2669.86119795046
FDF38,OUT035,596.3329211797295
FDH52,OUT046,1067.15778519163
FDY58,OUT019,575.3182985482815
FDZ16,OUT045,3219.694300044295
NCM18,OUT017,1210.1418406798202
FDA22,OUT018,2549.4467303712586
NCJ43,OUT035,2790.676402692747
FDI34,OUT027,4776.824564992402
FDG56,OUT046,1145.1529649924828
FDS34,OUT046,1916.507175257029
DRC01,OUT035,834.7921315552009
FDQ04,OUT035,649.8292687659981
FDK04,OUT035,818.1406289925901
FDT51,OUT049,1754.0570440565054
FDV26,OUT017,3065.206281719035
FDS04,OUT049,2115.0646350072525
FDW43,OUT018,3329.37013000005
FDQ28,OUT010,305.62156145701124
NCK06,OUT017,2061.1262698642836
FDS23,OUT018,2171.207071331948
FDZ36,OUT019,519.6253052119752
FDE56,OUT018,859.7450401031119
FDW10,OUT027,4477.547523759966
NCN14,OUT045,2941.232365642048
NCQ18,OUT045,1525.4785188055685
FDW08,OUT017,1722.78337720258
FDU43,OUT035,3687.9469776655787
FDR33,OUT010,320.1144627375815
FDM24,OUT010,393.88757412361
NCZ05,OUT046,1700.9716134740308
NCV41,OUT035,1913.555253513246
FDV11,OUT018,2729.7191408277895
NCY05,OUT035,600.2373583970548
FDV44,OUT018,2744.8743639149598
FDW32,OUT049,1247.9591840566834
NCU18,OUT027,3343.2128349415357
NCC43,OUT035,3624.239152071833
FDW19,OUT013,1821.8442285746726
FDN31,OUT035,2988.548365318621
FDI48,OUT045,761.233855261923
FDS24,OUT017,1432.6013101162255
FDF46,OUT049,1931.7307127917427
DRG23,OUT017,2355.2524091227933
FDG14,OUT018,2153.9569024522225
NCY30,OUT049,2900.149063543759
FDO28,OUT018,2100.443073813379
DRD24,OUT035,2053.5633105649795
FDI33,OUT049,1455.763247486096
FDN32,OUT046,2921.111985244488
FDR16,OUT045,3462.2955873414694
FDF26,OUT046,2295.3726344295537
NCN29,OUT018,608.704578372246
FDE20,OUT045,3023.321971019542
FDA46,OUT046,2980.4730710716417
FDU28,OUT045,2926.4648678503604
FDQ48,OUT045,1563.3884890243883
FDV36,OUT013,2315.2836683435144
FDR14,OUT018,628.0062688056038
FDP23,OUT017,3548.9799376024994
FDP56,OUT013,770.4186347389124
FDK48,OUT010,199.9530262502018
FDR48,OUT046,2622.478037796609
NCY29,OUT049,913.892812923777
FDM22,OUT018,783.4442943744251
DRJ01,OUT013,2483.364841442934
FDZ43,OUT045,3559.444697015176
FDV03,OUT035,2705.719450815415
FDX11,OUT027,3723.992528099831
NCA41,OUT027,4619.781712923879
FDE38,OUT017,2724.5079949306896
FDI27,OUT018,784.4033547562741
FDN32,OUT013,3015.7690263119916
NCN43,OUT017,2019.5745451257746
FDB47,OUT027,4483.8804503801875
FDV03,OUT017,2553.4644715131526
NCN30,OUT045,1514.976325005437
NCV54,OUT010,288.6873179142247
FDV07,OUT013,1691.0036436411992
FDP07,OUT049,2273.7495569730877
FDK48,OUT018,939.6147848653104
FDM15,OUT019,289.108088377076
FDY19,OUT027,2984.819205982147
FDK46,OUT046,3815.252450401556
FDY11,OUT045,1105.974511993744
FDH09,OUT046,764.6075925860357
FDO08,OUT027,4191.228895711121
FDU14,OUT013,3950.389399184373
FDD22,OUT027,3311.5924399827154
FDM27,OUT017,2481.1930724093336
FDL02,OUT027,3189.103120272222
NCA17,OUT035,2613.141689868269
FDE38,OUT019,468.81153869381336
NCG07,OUT049,3095.309010506655
DRC27,OUT013,3430.010850905069
FDA27,OUT035,3370.526190727619
FDW40,OUT045,2089.1515813974056
DRI11,OUT013,1974.8500335208746
FDN50,OUT046,1403.219541152439
FDR12,OUT046,2888.2185958511914
FDT34,OUT027,3286.793831755917
FDW11,OUT035,1117.8396774354653
NCO30,OUT027,4557.874536448399
FDZ34,OUT017,3208.251007609765
FDU45,OUT017,2032.4806761899035
NCD42,OUT035,606.5784697958153
FDX25,OUT045,3053.3536499135666
NCR29,OUT046,828.0711367023208
FDX43,OUT019,495.3196847950079
FDB04,OUT010,202.9068673895051
FDR49,OUT027,1451.8203093271552
FDS39,OUT018,1723.3550059681613
FDW58,OUT045,1615.3083401015383
FDG22,OUT019,66.3087621350396
FDG31,OUT017,1031.7261240595078
NCV53,OUT027,4647.307768128694
DRJ37,OUT035,2694.7160519334075
FDV07,OUT035,1824.775280943291
FDW52,OUT018,2278.6840368011904
FDT15,OUT045,3047.4482869632643
FDD02,OUT018,1922.003006129
FDM16,OUT035,1200.9148893719705
NCE55,OUT046,2777.1287152814753
FDB57,OUT018,3367.9519733026204
FDQ04,OUT013,642.6835680218034
FDQ47,OUT019,143.42147340793656
FDY14,OUT019,485.85982269969514
DRK37,OUT017,2890.7844040002697
FDO25,OUT017,3985.7881398252885
FDL57,OUT046,4052.1231420724334
NCK29,OUT018,2347.1334262145797
FDK46,OUT027,4587.253100315066
NCB43,OUT010,554.0514539608956
DRE01,OUT027,4002.6643421231915
FDC46,OUT018,2962.298020725252
FDQ23,OUT045,1709.8748714540313
FDX38,OUT049,781.8962504622297
FDG60,OUT018,3576.8078887604606
FDW55,OUT017,3565.4548104434148
FDP39,OUT013,685.0928156136972
FDB20,OUT018,1130.0779529247852
FDV21,OUT017,1989.4356621150882
FDZ02,OUT013,1394.560946796633
FDP19,OUT027,4047.0472715518736
FDA38,OUT035,3480.9910560156545
FDH22,OUT045,1970.040261460578
DRM11,OUT045,3812.5283749915834
FDO12,OUT027,2841.2045124791202
FDT14,OUT049,2131.6041058361598
FDW34,OUT010,601.4057835216602
FDG04,OUT027,4587.337436852009
FDW59,OUT018,1173.6889855158981
FDR33,OUT018,1638.8495968747052
FDP32,OUT013,1997.338894515926
FDL13,OUT027,4899.860896191976
FDD22,OUT013,1818.1059071978889
FDV40,OUT027,2093.6028174249955
NCD55,OUT046,618.9904488579922
FDQ20,OUT010,63.26035690418172
FDD28,OUT045,823.7976100875451
FDC39,OUT045,3459.6341510618863
NCR17,OUT049,1936.9190244456588
DRO35,OUT018,1774.6866439378741
FDF40,OUT049,3717.4258394346016
FDR31,OUT018,2515.5490396218192
NCQ41,OUT017,3158.837013130292
FDP38,OUT046,773.5390984681171
NCU54,OUT027,4301.702997656531
FDG22,OUT018,500.7750582020295
DRK59,OUT013,3418.4135623870593
FDC37,OUT046,1782.41180119609
NCO42,OUT013,2460.0671311587644
NCT42,OUT017,2255.4599135220765
FDX27,OUT035,1348.8619425158415
FDV40,OUT018,978.9777535263378
FDT45,OUT027,1755.019871118997
FDS47,OUT019,210.66089072057318
FDR45,OUT035,3445.8650623984704
FDB03,OUT045,3741.036965209151
FDO49,OUT035,905.060595323013
FDU60,OUT027,4209.680103030869
FDB26,OUT018,760.9222451723882
FDB46,OUT017,3283.4381267754343
FDQ37,OUT019,486.7505073720938
FDN03,OUT017,3749.517944369501
NCX30,OUT045,4056.48317535181
FDK32,OUT019,318.99945028531323
DRM47,OUT013,2935.9545159429913
NCO02,OUT046,1456.5327376236967
FDP04,OUT013,984.8717790348929
NCO43,OUT049,1912.764792483952
FDD59,OUT013,1290.1509601596051
FDQ10,OUT017,3102.4943077411363
FDW45,OUT035,2624.642075774034
NCK30,OUT049,3963.119331263375
FDU31,OUT018,3245.2389786017616
NCQ17,OUT019,366.0067310180791
FDN01,OUT017,2827.6314128970607
FDZ19,OUT049,2728.421686315942
DRG37,OUT017,2477.8109456161237
FDE32,OUT045,520.6275238033156
FDO34,OUT049,2880.9632251423104
FDM04,OUT019,108.86562432344148
FDZ25,OUT049,2923.9451063150227
FDU08,OUT049,1503.6912332320885
NCW30,OUT045,3214.628695287256
NCM18,OUT013,1009.0975904743968
FDS22,OUT035,615.436016431269
NCH18,OUT017,3439.248567989564
FDC23,OUT013,2829.8377317944596
FDY46,OUT013,2828.9467144183286
NCU06,OUT046,3958.450542944594
FDX57,OUT045,1507.5885630668545
FDX36,OUT027,4902.660140681049
FDL16,OUT045,780.7692728579798
FDT16,OUT010,892.6460900627716
FDN16,OUT018,1386.640254886789
FDC03,OUT046,3097.8164612254086
DRF60,OUT013,3799.3798870022956
FDS27,OUT027,4735.979633820839
FDP33,OUT010,676.7177330909907
FDJ36,OUT018,1536.43677572412
NCR42,OUT013,563.9058182852499
FDV14,OUT017,1320.2079220702879
NCP42,OUT035,2938.8450139658175
FDB50,OUT027,2721.549010734915
NCC30,OUT027,4382.6058975389205
FDA23,OUT018,1587.8998097880185
FDW16,OUT017,1372.3305717904377
FDQ52,OUT010,685.9058555667635
FDB58,OUT049,2370.1391476413974
NCP29,OUT049,1090.3895121267117
NCM05,OUT045,3687.405983882977
FDO25,OUT013,3539.9996145686314
NCM54,OUT046,2329.9347790743404
NCL54,OUT046,3051.7098715364623
FDL39,OUT010,566.5877340736214
FDF53,OUT018,2567.408543568993
NCQ42,OUT035,2100.69901587789
FDF58,OUT013,1034.7777665200817
FDZ04,OUT035,1078.6383395588853
FDE26,OUT019,256.1164319623296
FDS60,OUT017,2980.5656168390215
FDV58,OUT017,2457.7402962840733
FDM04,OUT045,818.8598815400691
FDE08,OUT035,2572.420072043246
NCB43,OUT049,3087.137078358222
FDU11,OUT010,301.9350577518053
FDF22,OUT019,456.9141460057705
FDE24,OUT013,2109.8461211289145
DRJ49,OUT046,2054.9156175528205
NCQ53,OUT035,3846.831062215069
NCL41,OUT013,548.7775594773072
FDR22,OUT013,1906.8575905730838
FDH04,OUT035,1520.4119694181552
DRH15,OUT045,683.8018889944856
FDY40,OUT049,746.1677891775496
NCI17,OUT035,1541.3932025163067
NCC18,OUT013,2749.4428804713443
FDY28,OUT027,4329.867564805323
FDB45,OUT027,2618.452353485661
NCL30,OUT018,1888.5683876363996
FDM10,OUT017,3204.0830050287927
FDH22,OUT027,3329.03834541243
NCZ53,OUT017,3084.3838715538873
NCI18,OUT013,3359.386425428132
FDH14,OUT027,3077.3879959812766
FDR36,OUT027,987.6834371138362
FDW01,OUT045,2567.90358859297
FDK02,OUT027,3010.366519506592
FDJ02,OUT018,2141.323704181958
FDU55,OUT013,3922.576714228918
NCV18,OUT027,2887.2519469464355
FDH14,OUT018,1971.0130354222867
FDZ37,OUT045,1356.504911776892
FDX49,OUT049,3762.144000911752
NCD43,OUT046,1733.7430251336984
FDZ07,OUT013,893.1284956902923
FDK43,OUT035,2149.3502687477453
FDR32,OUT018,3342.0818643890507
FDT39,OUT013,2505.562669970166
NCV54,OUT017,1982.3626464416143
FDF38,OUT018,411.9825829351253
FDV60,OUT046,2718.0586750240727
FDH44,OUT027,4258.453553672911
FDS21,OUT046,1142.6733188692112
NCL41,OUT045,572.0206313671438
FDM46,OUT017,1551.9521279956284
FDU27,OUT045,750.9333162798617
NCJ54,OUT017,3565.5319400810554
DRG51,OUT018,2143.3960579422037
NCA29,OUT019,335.0880720881246
FDR47,OUT045,3004.2362140487803
NCL19,OUT027,2840.4930400586363
DRG01,OUT049,1350.1254466476946
FDG10,OUT046,874.2204151332604
NCV05,OUT049,2532.504201023375
NCH18,OUT019,574.5667840468282
FDV14,OUT018,1308.5584952688116
DRJ23,OUT035,3004.3504085702984
DRJ11,OUT046,3086.4274430586124
FDZ03,OUT017,3187.989081841343
FDI27,OUT010,94.01856763139534
FDJ14,OUT018,1171.6840768631532
FDU32,OUT017,2031.5457095687373
FDD47,OUT027,3323.0768396163935
DRF36,OUT035,2890.7110380611202
FDM21,OUT046,3788.902093418757
FDV10,OUT018,464.13062162706075
FDH60,OUT018,2596.7476434495243
FDX47,OUT010,358.818853705549
FDT19,OUT019,678.8024278733047
FDO11,OUT045,3718.6287633510933
FDH24,OUT027,4081.1472009397107
FDL02,OUT018,1426.9966086265185
FDB02,OUT049,2796.9089676668077
FDA43,OUT046,3013.8447396365664
FDG52,OUT045,745.9537269752655
DRC12,OUT013,2810.23956693426
FDY37,OUT018,1792.5533375016066
NCU18,OUT045,2030.754190455541
FDU09,OUT035,835.4340613755736
DRJ25,OUT027,1288.014547013493
DRE12,OUT018,1962.0430255815415
DRL47,OUT017,2032.2184378073507
DRK01,OUT046,1492.0379981929395
FDC22,OUT019,446.3852784093014
FDG44,OUT013,842.5007065801075
FDW04,OUT035,1843.0247779632803
FDK09,OUT049,3539.4727897380094
NCN43,OUT035,2113.779986003987
FDG04,OUT049,3125.4167066834725
FDH32,OUT010,192.92550000875457
DRI47,OUT017,2508.22107742536
DRE15,OUT013,1202.6196367665411
FDY11,OUT035,1216.009407872705
FDO60,OUT049,683.305566310989
FDQ20,OUT018,379.113683040083
FDO57,OUT027,4071.1300791615467
FDT14,OUT019,230.44034704497312
FDA57,OUT049,637.734560779694
DRN35,OUT017,663.1281752861163
FDJ03,OUT046,751.9218152804116
FDX28,OUT017,1705.8481220855385
DRE25,OUT045,1530.3785545428043
FDR09,OUT046,3906.9096107977302
FDB23,OUT035,4093.2053303912467
FDO08,OUT045,2566.1789083674703
FDQ23,OUT049,1702.8102053468829
FDW04,OUT013,1720.6814603948148
DRK13,OUT010,499.20643348871187
NCL17,OUT027,3369.9603777210405
FDY21,OUT035,3101.2730496562785
FDJ38,OUT027,4099.93007846315
FDA37,OUT019,263.5217545077897
FDV43,OUT013,630.9196030978944
FDL36,OUT046,1511.5781089307313
FDD53,OUT045,621.7803687418973
FDZ19,OUT010,514.4722393709768
FDV21,OUT045,1941.644627652544
NCL54,OUT018,2838.9423267151533
DRI47,OUT027,3607.2615759814503
DRG03,OUT049,2615.26900363184
FDG21,OUT013,2726.6146999178263
FDW03,OUT018,1569.1259516049363
NCI55,OUT046,2339.3207512044496
DRC36,OUT019,550.8299524242722
FDH22,OUT017,1958.1101920946667
FDV20,OUT045,1935.696656062818
NCU41,OUT027,4628.439557847138
FDN46,OUT027,2744.5071298338844
FDK50,OUT045,2517.606262725145
NCA05,OUT027,3956.499294109693
DRH01,OUT018,2842.2461849346255
FDT08,OUT018,2220.668411739199
FDM08,OUT018,3359.2167512405326
FDZ07,OUT035,1101.6606491220261
FDS22,OUT017,825.8739065199668
FDV35,OUT027,3970.4178565356997
FDI28,OUT010,184.57302038858498
FDW58,OUT027,2194.776015417751
FDT52,OUT045,3582.542412950188
FDY34,OUT046,2677.788161086731
FDR10,OUT046,2809.837475679567
FDK57,OUT017,2033.9567545580219
FDR02,OUT027,2652.586647373803
FDX49,OUT046,3893.4169439422835
FDQ20,OUT046,619.7403556584726
DRK23,OUT045,3478.211867919529
NCW06,OUT046,2895.971224720692
FDR31,OUT017,2455.0118098746607
NCE43,OUT013,2958.2527221691525
DRO59,OUT027,2487.8169761966096
FDN09,OUT049,3674.67017589033
FDR11,OUT046,2578.372532014953
FDO57,OUT013,2649.5346957574275
NCX18,OUT017,3171.504680521976
FDB05,OUT018,3659.6375188135366
FDQ08,OUT018,884.0361920534425
NCG43,OUT035,1485.8915933462504
FDJ56,OUT013,1606.0198485081812
FDA13,OUT010,107.42798761673781
FDO56,OUT017,1877.555343777385
FDB37,OUT018,3646.132207298969
FDZ02,OUT018,1266.140593437852
FDQ24,OUT046,3897.031825230839
FDM16,OUT013,1132.3976396821372
FDU35,OUT049,1482.9529758628437
FDT35,OUT035,2963.674560081631
NCX30,OUT049,3779.796733016743
FDG04,OUT017,3130.843022396132
FDI12,OUT035,1330.2051851335093
FDE35,OUT035,977.5183228732551
NCP14,OUT027,2849.888001085192
NCY53,OUT045,1691.5245506298631
FDP49,OUT017,825.001445890633
FDQ04,OUT017,657.2393332780822
FDM39,OUT035,3004.93306918409
FDO58,OUT019,369.42506716522615
FDC56,OUT017,2067.1439479667883
NCQ54,OUT046,3148.827934076534
FDV10,OUT027,917.4421472203305
NCK17,OUT046,616.5652671033582
NCF55,OUT027,940.9236481402779
FDV33,OUT013,3806.3080486406093
NCH29,OUT019,270.1505083376489
FDA37,OUT027,2881.697768031676
FDH46,OUT018,1598.1475116950942
FDS25,OUT035,1999.8277111901314
FDH04,OUT027,2581.2750020405747
FDX52,OUT046,2972.7635251292604
NCD42,OUT017,584.8043687341938
FDW47,OUT017,2054.863948505674
FDL25,OUT027,2759.3809170630084
NCJ06,OUT010,263.3125227355193
FDY09,OUT013,2814.2302761004785
FDS40,OUT046,619.1945520810671
FDH41,OUT017,3186.894094817175
FDG38,OUT035,1374.893587487761
FDU03,OUT027,4188.331942684088
FDV20,OUT046,2094.453077405626
DRB13,OUT045,2708.3634688825696
NCQ30,OUT013,1913.6283381308206
NCH06,OUT013,3595.261921166915
FDU50,OUT018,1901.7832825088944
NCO42,OUT019,311.1359359979092
FDW09,OUT018,1019.8654961986118
FDH04,OUT013,1403.6651895354337
FDC21,OUT045,1600.7031752147022
FDL21,OUT049,674.0253775533358
FDM46,OUT010,187.35526655476286
FDT22,OUT019,247.9042010083328
FDB28,OUT035,2707.957237762435
FDI12,OUT018,1315.7754536821928
FDA28,OUT045,1967.5482098210878
FDF59,OUT013,1838.29527747769
FDM45,OUT027,3025.7698734947694
FDQ56,OUT017,1485.4429041332476
FDR46,OUT049,2692.1795322641497
FDT01,OUT013,3160.4568996856124
FDD16,OUT027,1916.542340737403
NCU30,OUT010,338.30999307331115
FDM40,OUT010,350.97874791175076
FDI56,OUT035,1454.6905705759432
NCS30,OUT013,1910.771894023605
FDU08,OUT017,1591.7200471380681
FDX51,OUT027,4896.26526389395
FDA43,OUT045,2916.1178760074163
FDX59,OUT010,95.9633545281759
FDC37,OUT018,1502.4142071525878
FDP58,OUT013,3348.257162021428
NCY42,OUT035,2011.1464251886086
FDF21,OUT018,2616.94395988596
FDU10,OUT027,924.6788963269834
DRL47,OUT018,1818.6942851342073
FDA58,OUT018,3766.1542153953546
FDJ22,OUT049,2838.909831429197
FDK50,OUT046,2463.9117029891845
FDO38,OUT035,1316.0938364202125
DRF60,OUT035,3815.3421248605296
NCZ42,OUT019,535.5488486282767
FDD35,OUT049,2014.4117334233172
FDL25,OUT045,1314.5390414376088
FDJ16,OUT013,812.2920770360962
DRK59,OUT049,3381.5570857771695
FDI50,OUT046,3720.636259899822
NCB19,OUT045,1502.4778806614295
DRI37,OUT035,906.6259866377966
FDA14,OUT027,3887.179474951221
FDC08,OUT018,3397.5069431356305
FDS45,OUT046,2140.2739647171356
FDI21,OUT049,1240.3645046271442
DRJ47,OUT035,2808.5859761642573
DRE37,OUT027,3444.717147695496
FDT55,OUT018,2261.5215511200986
NCG42,OUT027,3228.652321768176
FDA31,OUT049,2796.960384119133
NCW42,OUT046,3706.6825895560714
FDF50,OUT017,3185.387133685573
FDK56,OUT049,3212.298137331407
FDX10,OUT035,600.8159093885561
NCK07,OUT027,3927.7826634447615
FDZ49,OUT017,3417.282154005335
FDR33,OUT013,1841.9187722902775
FDO44,OUT018,1540.9003176401588
FDA20,OUT046,3033.9478693652995
NCL30,OUT045,1994.2505565639908
FDI05,OUT019,260.54546907826943
FDQ12,OUT018,3272.6110292768385
FDH47,OUT017,1433.5567275149342
FDH34,OUT018,2831.749376556268
FDF29,OUT046,2170.1085934046546
FDG40,OUT018,358.4078130750971
NCE18,OUT017,4180.4236161155295
FDP21,OUT010,390.69805644580055
FDY50,OUT013,1449.92662449665
FDB36,OUT049,2266.7332749023244
NCZ29,OUT049,2026.006680530197
FDU20,OUT018,1874.0372364547109
FDO56,OUT013,1900.7842572089412
FDW31,OUT049,2804.1541104927805
DRH59,OUT013,1129.638073365412
NCB30,OUT017,2919.5386596790463
FDK43,OUT027,3303.406237642075
FDW43,OUT045,3656.6310769727065
NCL19,OUT017,2290.7486298422928
FDJ27,OUT046,1480.2394071551141
FDC45,OUT046,2691.771807432555
FDY40,OUT035,746.9963979773177
NCM41,OUT035,1507.4427255223552
NCK18,OUT019,552.3282948704084
FDP37,OUT049,2101.0424871421224
FDA27,OUT027,4773.9479911539065
NCX30,OUT035,3531.163919260038
FDR09,OUT017,3563.2225952406648
FDG08,OUT027,4171.674200341168
NCU30,OUT013,2459.243982920684
FDB16,OUT017,1331.9552295817132
FDM16,OUT017,1219.0751846703374
FDC48,OUT013,1310.6307333623126
NCF18,OUT046,2834.5076580202817
FDU46,OUT018,1300.8410945570388
FDH41,OUT018,3089.1073655734385
NCN42,OUT010,322.28438261263176
FDU49,OUT046,1397.5134795036442
FDB20,OUT027,2514.80405051093
FDG50,OUT019,215.2948419076528
FDW20,OUT045,2153.1739929723303
NCO55,OUT049,1724.048431945238
FDX48,OUT046,2503.5589330084667
FDU48,OUT046,1926.6386860599468
FDR48,OUT019,374.3082764851629
FDK27,OUT013,2019.2352938343902
FDT35,OUT013,2445.504348961406
FDN12,OUT049,1657.0100000635166
NCE31,OUT019,133.33475035217592
FDL21,OUT017,649.9878676615915
FDV56,OUT017,1651.4310101123112
FDR16,OUT017,3428.811852917329
NCP41,OUT049,1612.9147078908054
FDJ27,OUT013,1629.352242501147
FDA07,OUT017,1939.9649684205278
FDK55,OUT049,1272.0006625110254
FDM33,OUT049,3479.754141306548
FDY46,OUT046,2787.802150879345
FDD36,OUT046,2105.4024149023726
FDB12,OUT027,3073.581211839803
FDF28,OUT019,256.6874288958774
NCE07,OUT019,330.30313148785564
FDW50,OUT027,4091.9621977134943
NCW18,OUT017,3576.8521383922944
NCJ17,OUT019,184.0600517562142
DRZ24,OUT010,307.69824983673936
FDS07,OUT035,1958.9873074137688
NCW05,OUT010,248.46546261806714
FDZ22,OUT018,1185.7130692673045
FDK02,OUT046,2029.8106638208233
FDZ45,OUT027,4290.994079141791
FDL25,OUT046,1326.508421289299
FDS08,OUT045,2671.454458417196
NCZ42,OUT027,4776.200722348399
FDX57,OUT035,1507.056807376911
FDF21,OUT046,3076.74919274366
FDJ56,OUT018,1637.0138034939578
FDX10,OUT013,601.1014206259712
DRG48,OUT035,2492.0768935525625
DRN37,OUT046,2625.849015551571
NCY41,OUT018,418.52764209706794
FDN28,OUT045,1679.070170793309
FDE34,OUT045,3030.1285947853785
FDR10,OUT045,2837.316552502082
FDC32,OUT017,1396.290064068526
DRG13,OUT046,2792.0388159340446
FDP59,OUT049,1509.3414078921396
NCT53,OUT010,320.36064815845236
FDL57,OUT027,4233.550862523533
FDN32,OUT010,492.69590699988817
FDK09,OUT018,3177.174835929574
FDA52,OUT010,695.8521694913397
FDC57,OUT049,2989.5269056514076
FDI09,OUT035,3501.905680294201
NCB07,OUT046,2290.528552741773
FDP26,OUT035,1762.2488963238898
FDP40,OUT027,3510.698489319644
FDL15,OUT013,2407.344684101573
FDV07,OUT046,1838.2017788044957
FDS03,OUT017,1188.7200238943237
FDE50,OUT049,3191.82992270698
FDQ15,OUT017,1281.4094826628314
FDQ33,OUT010,316.9931306357743
FDT22,OUT013,776.0069955276532
DRO35,OUT035,1962.2096698935484
FDJ41,OUT049,4016.159609855678
FDQ27,OUT035,2040.2713308381221
FDC26,OUT017,2001.303104916923
NCF43,OUT027,3151.657503489607
NCR50,OUT035,2673.7344639179237
FDE39,OUT018,1889.8842094077386
FDN49,OUT027,976.2816233472248
DRG11,OUT035,1706.157616054366
NCA18,OUT049,1850.6954903786204
FDM36,OUT018,2531.099359833141
FDW32,OUT017,1258.9863521789005
NCQ18,OUT010,247.11668597982603
FDX14,OUT027,2281.0828850200824
FDD46,OUT017,2381.2744705655496
FDI34,OUT019,556.2223626094938
NCJ17,OUT035,1392.9437466915035
FDB52,OUT035,3589.8298969151388
FDV55,OUT018,2110.7890139410742
FDC57,OUT046,2866.463295443871
FDB29,OUT046,1800.6894936489427
NCO43,OUT035,1821.5425713303714
FDG44,OUT045,866.7441014246357
FDJ34,OUT045,1919.3289370933767
FDH40,OUT049,1315.08199456363
NCD07,OUT027,3254.5580816260276
FDB41,OUT017,735.5655525868502
FDH47,OUT018,1248.8125268448448
DRK37,OUT035,2840.850047052669
FDM25,OUT019,495.4149810095736
NCX06,OUT045,2999.992645644315
NCS05,OUT017,2037.7477156034743
FDS39,OUT045,2045.598430398064
FDC47,OUT027,4776.183577464824
FDG20,OUT013,2855.739634138222
DRL23,OUT017,1736.1576583092212
FDY33,OUT013,2477.1160744388526
NCH18,OUT045,3480.9404760283173
FDX47,OUT035,2297.2644577533047
NCB06,OUT045,2665.4623189382237
FDP36,OUT049,807.6869406502997
FDW44,OUT018,2615.441078066797
NCU41,OUT018,2542.420374240141
NCS17,OUT046,1479.4319297861034
FDD46,OUT035,2293.236597186877
FDE45,OUT017,2876.8545924782875
FDI09,OUT017,3532.8972198722086
NCJ54,OUT010,672.0771729465064
NCA29,OUT018,2772.1581017438966
NCN41,OUT027,3382.741760393979
FDY34,OUT035,2797.8013864781947
NCG55,OUT035,1935.4643297187688
DRM49,OUT046,807.1413582623139
NCB42,OUT049,1908.3099777233804
FDE58,OUT045,1740.8600257940477
DRJ25,OUT013,789.5495546658426
FDS47,OUT010,196.99912474354124
FDY21,OUT049,2836.543892813113
NCI54,OUT013,1828.8474963531617
FDO24,OUT017,2408.5275789960237
FDY43,OUT035,2805.3414237885613
FDF35,OUT018,1410.4056730711557
NCP29,OUT019,266.21268506370217
FDN28,OUT027,2650.4269245463574
FDJ50,OUT018,757.5233491817348
FDQ14,OUT027,3764.9884717423784
FDC37,OUT035,1704.8112743970953
FDN08,OUT046,1930.8153177349604
FDD04,OUT035,2244.543913343874
FDW34,OUT018,3104.6112377585027
FDP04,OUT017,1054.3509390007296
NCG07,OUT017,3065.112622672249
NCN14,OUT018,2671.2406266988564
FDJ16,OUT045,898.4307310494323
NCM42,OUT045,1745.4259042956714
NCF19,OUT046,751.0384931333201
FDY21,OUT018,3304.1090885775925
FDY19,OUT035,1917.2029243940678
FDV09,OUT045,2602.0123154407343
FDA28,OUT013,2140.9457038650107
FDC38,OUT018,1927.7872325094413
FDL28,OUT045,3583.315155725747
NCH43,OUT049,3317.1100344739384
NCN53,OUT045,562.2479346649727
NCW05,OUT017,2104.2788101895158
NCO30,OUT018,2669.674873647288
FDT04,OUT019,69.24529231533647
FDB27,OUT018,2811.8104082237496
NCK07,OUT013,2673.5643272893126
NCA53,OUT013,680.4870851142036
FDB33,OUT018,2175.463708019479
FDU37,OUT017,1333.8717494914144
FDR13,OUT035,1954.19555680306
FDE45,OUT049,2851.182646625655
FDV37,OUT017,3124.226130412739
FDX44,OUT019,233.59962764885765
NCL06,OUT017,3484.2049596559336
FDJ28,OUT045,2987.802287351275
FDX55,OUT049,3393.1248494226857
NCK17,OUT018,450.1996143365812
FDH52,OUT035,1094.8509021710522
FDN13,OUT027,2830.408065766447
FDK44,OUT018,2575.720955183386
FDU16,OUT046,1352.2729347074596
FDZ07,OUT017,848.0480926734928
NCN06,OUT027,3921.705991013836
FDH02,OUT010,220.8868615273248
NCW18,OUT045,3631.309311382106
FDH57,OUT013,1949.818962191082
FDV35,OUT045,2584.187315169753
NCU29,OUT013,2572.370017518666
NCP02,OUT046,843.491371475089
FDN44,OUT013,2362.4810213987075
FDX03,OUT018,352.99006034608857
FDR11,OUT010,482.4153841960395
FDA36,OUT046,3225.8690064756456
FDP58,OUT027,4695.76755200342
FDH31,OUT045,1500.6903589806645
FDH34,OUT035,3049.882031948955
FDS13,OUT035,3782.4884037963243
FDT01,OUT018,3710.68864322001
FDY09,OUT049,2863.812698096296
FDV33,OUT027,4579.987407731296
NCW29,OUT010,265.28283650795044
NCN17,OUT045,1628.1930644748022
FDX01,OUT046,1924.1164960895396
FDL03,OUT049,2961.2630028016224
DRL59,OUT049,1009.0506264287292
DRM11,OUT027,4429.108671556142
FDA43,OUT049,3007.5993593336007
FDZ56,OUT010,465.66466706601517
FDI44,OUT018,1179.3077894920625
FDB50,OUT013,1315.477829718524
FDU15,OUT019,88.14090507641394
NCJ19,OUT019,211.99980148905905
FDD48,OUT013,2168.4719639378377
NCW42,OUT035,3473.447455989821
FDL24,OUT017,3023.847100037687
NCB30,OUT013,2842.6996730745595
FDK25,OUT013,2768.0695813256507
FDW28,OUT049,2969.7851848805376
FDD47,OUT017,3444.634398217402
FDK16,OUT019,198.3756394795259
FDW37,OUT046,1349.1289027168043
FDA48,OUT035,3697.7511373385055
FDA14,OUT017,2414.9611104699557
FDV15,OUT013,1823.9690651308658
FDN22,OUT049,3723.4852569497198
NCD55,OUT045,615.4582766791184
FDY43,OUT013,2572.482797447494
NCU05,OUT017,1312.905378647779
FDF10,OUT035,2789.017003121031
FDR39,OUT018,2744.3681869814686
FDG40,OUT013,563.8390491971847
FDZ28,OUT019,271.2263363095913
FDE02,OUT045,1384.7627889185296
FDU60,OUT049,3478.650977694835
FDM21,OUT013,3578.526153619287
FDV52,OUT019,211.934248762882
NCW06,OUT013,2839.64789458564
FDX36,OUT035,3762.265151634981
FDT35,OUT027,4234.6922170337975
NCL19,OUT010,343.9780639451113
NCD31,OUT046,2690.6336692760365
FDE53,OUT019,268.310639073563
FDW58,OUT019,248.78153490074936
DRF48,OUT046,2737.031410009522
FDW57,OUT035,2842.0287765726
DRH13,OUT017,1787.747453957626
FDT33,OUT013,2667.533158650755
DRK47,OUT027,4604.2634001185415
FDY22,OUT010,393.66925531322573
FDC35,OUT019,492.5034892582911
FDO03,OUT013,3955.9041276940225
FDF24,OUT045,1263.8196184693154
FDF56,OUT018,2662.3043726485134
FDD28,OUT013,755.7131578396766
FDG53,OUT027,3625.560980564679
FDO27,OUT019,217.8545715600546
NCF54,OUT018,2717.7739833856867
FDC20,OUT027,1709.3918630670987
FDU10,OUT046,627.9482161625308
DRA24,OUT018,2378.7205519553595
FDA02,OUT010,291.47939218647133
FDG10,OUT017,815.0588152213452
FDW39,OUT010,452.4178326819054
FDP04,OUT019,182.86301095451105
NCM55,OUT013,2886.1099619873125
FDG47,OUT045,3699.4356679060684
NCU41,OUT017,2946.330622808453
NCK31,OUT017,729.1355556204317
FDZ46,OUT045,1664.3580047386777
FDU13,OUT027,3791.941888033057
NCF19,OUT045,735.2966107727457
NCJ43,OUT013,2820.227651187715
NCJ05,OUT045,2524.203424631432
FDS04,OUT027,3976.826583342202
FDX28,OUT010,204.32785687443697
FDB41,OUT027,1168.0988503863427
FDG53,OUT046,2047.3574574115985
FDL15,OUT010,258.00624325805506
FDQ08,OUT049,1016.8664106598018
DRN36,OUT013,1495.7618714781504
FDI46,OUT013,3625.1318709863035
FDG16,OUT027,4400.2894827187765
FDV32,OUT013,1044.4566159246426
FDF44,OUT010,216.54402221501863
FDK04,OUT018,770.9407840420048
NCA41,OUT013,2871.344841108688
FDD51,OUT017,631.902378981583
NCZ53,OUT045,2985.5754236218927
FDP01,OUT027,3666.1038666123363
FDY25,OUT049,3072.7791850950057
FDB17,OUT018,2672.0419439641114
NCV54,OUT018,1799.9823697348384
FDJ32,OUT017,1095.9897011393637
FDA37,OUT049,1940.526316624021
FDG35,OUT035,3283.4579333709817
NCM05,OUT018,3371.731349783613
FDG45,OUT046,3531.9594881783223
FDH28,OUT013,602.6903581435646
NCE18,OUT049,3746.893985768997
FDH38,OUT045,1985.8913997467814
FDR56,OUT013,2810.442111820224
FDH17,OUT027,2293.1934498859914
FDD39,OUT049,3457.9814560141817
FDB41,OUT049,769.2957079085933
NCR53,OUT046,3429.3699538821793
FDX46,OUT017,793.0795233535273
FDV28,OUT049,614.4177579252358
FDA08,OUT018,2080.189175332101
FDH45,OUT017,638.844628506218
NCS38,OUT010,264.0735368041784
FDD40,OUT010,524.605324429736
DRM59,OUT035,2290.752965275485
NCJ43,OUT018,2777.5521705340707
NCN29,OUT013,666.9552741122135
NCC19,OUT045,3038.19028706971
FDR56,OUT035,2936.006093649903
FDZ43,OUT049,3671.054655141918
FDJ32,OUT010,120.3461922993477
DRH03,OUT017,1328.534511239856
NCZ54,OUT035,2674.9774336084215
FDE26,OUT017,2504.2957364645854
FDS03,OUT045,1199.3285148147534
DRZ24,OUT019,346.7158778395348
FDO48,OUT027,4725.696447474852
FDW39,OUT049,2745.422318584451
NCK05,OUT049,1098.564926087723
NCK30,OUT017,3585.0687165002328
FDT27,OUT018,3226.584568947785
FDS08,OUT019,359.30573006154157
NCJ19,OUT049,1023.4397136902668
FDC58,OUT045,760.0636794718138
DRE37,OUT013,2945.1567676446866
FDW02,OUT035,2122.6850155119937
FDJ02,OUT010,302.3591259959943
FDX09,OUT045,2851.487213139766
FDT31,OUT010,468.43102178443326
FDI24,OUT049,3013.8770797407697
FDY09,OUT045,3071.994493837516
FDV28,OUT045,581.864437776945
DRM47,OUT049,3128.044465078426
FDT52,OUT019,473.6845397772563
FDI48,OUT018,815.6445416539384
FDY55,OUT017,3431.355066020599
FDU48,OUT013,1760.5953222858404
FDN25,OUT045,825.675446920023
FDP20,OUT049,2022.3472200434494
FDJ15,OUT013,2944.5558667332284
FDD04,OUT018,1752.6848878283333
FDY58,OUT045,3536.0619262365585
FDR37,OUT018,2652.4200997955263
FDF44,OUT013,1874.542541253624
FDD32,OUT045,1246.5667591850456
FDR57,OUT017,2349.0080351673514
DRG39,OUT027,2023.806931849969
FDX15,OUT017,2702.484536129104
DRN37,OUT045,2425.9737935564103
FDW40,OUT027,4266.563385213401
FDB32,OUT049,1391.518659755099
FDM40,OUT018,1909.6625767405403
FDE39,OUT027,2992.819938694273
DRH49,OUT017,1220.5948549212615
FDT46,OUT049,802.5778705016288
NCF06,OUT035,3238.5288986846763
FDP07,OUT017,2955.7727558562156
FDC04,OUT013,3669.7385067253163
FDZ32,OUT017,1790.0175225260816
FDD50,OUT045,2836.4742559497226
FDU56,OUT017,3058.7827304469306
FDV34,OUT017,1139.6520660212295
NCY41,OUT013,578.2350885955437
NCK18,OUT046,2733.738638866403
DRH25,OUT049,886.8396060539901
FDT57,OUT046,3589.925356303312
FDV56,OUT018,1285.3048300759704
FDV12,OUT045,1619.0730576196604
FDN52,OUT017,1337.488319330783
FDX38,OUT035,719.1737309743049
FDE47,OUT018,1807.8111863242436
NCO07,OUT013,3402.353943325326
FDV09,OUT027,2576.8210154457497
FDZ23,OUT019,616.4126242176943
DRH51,OUT018,1221.5310321868028
NCY54,OUT045,2948.790973667997
DRG49,OUT013,3633.431201855093
NCC19,OUT049,3219.8655000668105
NCV53,OUT045,3872.701751921709
FDZ47,OUT019,289.59098213782437
NCO26,OUT018,1726.3602750531022
NCP02,OUT045,1135.8126635052508
NCW30,OUT018,3237.5546428565854
NCN55,OUT046,3855.7409815676797
FDB20,OUT010,178.44523548762507
DRL11,OUT013,2437.7937388162136
DRD60,OUT045,2967.4673865779537
FDW14,OUT010,194.47636719586572
FDL27,OUT010,190.33290435796175
FDU09,OUT018,789.0012422864979
DRH36,OUT027,2268.6571695791963
FDP34,OUT027,3444.68433687536
FDE04,OUT017,2978.6441471151684
FDZ57,OUT027,3575.0873189223116
FDF02,OUT010,216.34684504708028
FDG28,OUT045,3642.6321224122275
NCI31,OUT046,692.0360885096204
FDT43,OUT013,786.5162181362815
FDU20,OUT046,2245.5111938398823
FDD53,OUT013,661.5774729420616
FDW15,OUT045,2610.094155203664
NCT53,OUT045,2460.6504135324526
NCG55,OUT027,2908.3878373872726
FDD48,OUT035,2043.298406574136
FDG47,OUT049,3757.2264297992597
FDI21,OUT017,1175.8987616871445
FDT27,OUT017,3484.004527938338
DRO35,OUT013,1992.2046625439234
FDD33,OUT017,3919.6599058065754
FDC04,OUT035,3582.405357675337
FDY34,OUT013,2503.565082373623
DRJ49,OUT049,1986.5036798209082
FDE05,OUT049,2572.273817685767
FDU31,OUT017,3481.711740867675
NCN19,OUT027,4507.205966426691
FDK56,OUT027,5282.630378186881
FDK58,OUT017,1846.1224338450297
NCJ42,OUT035,1732.1314171324298
FDZ34,OUT027,4234.375544743719
FDA52,OUT018,2862.517648242242
NCR29,OUT013,701.4811467698065
FDT48,OUT035,3131.737654750417
DRJ51,OUT019,661.1384019377354
NCS54,OUT046,3062.431442661384
FDV01,OUT035,2562.488750079465
DRG51,OUT027,4277.835940019365
NCG42,OUT013,2115.6228063189988
FDA51,OUT049,1799.2053298637315
FDV19,OUT010,381.3103914453181
NCT18,OUT045,3021.5665454939567
NCS41,OUT045,3035.6524247467114
FDO03,OUT046,3557.001425319146
FDL12,OUT010,253.26371258391708
FDY37,OUT010,275.1458286610109
FDI58,OUT049,1468.8256779767635
FDT28,OUT018,2097.0034769197064
NCC42,OUT010,277.4449632903617
FDO01,OUT017,2165.525615347329
FDJ02,OUT013,2264.3355050416876
FDQ04,OUT018,304.9611793555814
DRL47,OUT013,2070.5585402886095
FDZ32,OUT035,1749.4714892937814
FDC35,OUT035,3440.82263019086
FDX14,OUT045,1202.9147541684774
FDZ35,OUT013,1693.2738505313732
FDL14,OUT013,2209.4575051265383
FDO04,OUT049,959.6686154848154
DRK11,OUT017,2302.7343394973786
FDB44,OUT018,3450.8056396094303
FDZ50,OUT049,3240.1957337039826
FDI12,OUT027,2933.6424999365095
FDU43,OUT017,3729.653775898889
FDD58,OUT010,187.26955844000946
FDB27,OUT017,3190.895454133448
FDB04,OUT018,1224.8389104890932
NCO17,OUT013,1925.5199037832344
FDL12,OUT017,911.1284376063992
DRJ13,OUT049,2585.300668757827
FDD57,OUT045,1455.6447708584792
FDW19,OUT035,1809.669958773083
DRD27,OUT018,1383.3524452631277
FDH27,OUT027,4018.3295300910127
NCW30,OUT027,4748.929342409946
FDR40,OUT018,1209.653358680863
FDG05,OUT013,2122.4444456498604
NCY41,OUT019,81.66362420429184
FDI38,OUT018,3250.749063296992
FDR20,OUT046,614.1437431131878
FDE09,OUT017,1709.5534628016474
FDN50,OUT019,245.95635844481916
DRF27,OUT045,2643.9022837497982
DRF51,OUT013,670.986245418391
NCO02,OUT019,202.92997177049907
FDB51,OUT027,1681.3762133716111
FDJ50,OUT013,844.0378340063913
FDN52,OUT013,1297.8586504547975
FDX14,OUT013,1257.232023721595
FDT27,OUT019,577.4298761418667
FDV10,OUT013,659.5789219272559
FDU33,OUT046,701.46784291844
FDU58,OUT046,3023.199889101833
NCP42,OUT027,4614.794252999546
FDL51,OUT027,4633.9544863936
DRH15,OUT027,996.1130747556433
FDU16,OUT017,1307.296564672035
FDW15,OUT017,2525.5846255095767
FDQ44,OUT045,1984.070899299288
NCI06,OUT027,4321.053868562757
DRK23,OUT019,459.41935594417174
FDC28,OUT035,1602.3904618996812
NCY17,OUT019,70.19070511781975
NCV05,OUT018,2375.7115408069353
FDM34,OUT019,356.60263491415435
DRD60,OUT027,4582.340290386826
FDT38,OUT046,1270.1420664205052
FDQ57,OUT018,2396.5445235531092
FDE59,OUT027,946.7253542783385
NCM43,OUT046,2729.724948118561
DRI51,OUT049,2895.924138210315
NCG30,OUT017,1975.7125491348281
NCK54,OUT035,1910.567127968798
FDQ16,OUT019,225.20889633880816
FDI36,OUT013,2650.934663802284
FDX16,OUT027,3781.488778673314
FDA34,OUT046,3105.2343257009516
FDJ48,OUT018,3291.4600224227934
FDU47,OUT035,2025.6786386258434
FDS39,OUT046,2151.0641303191387
FDD11,OUT046,3396.8462561098345
FDM16,OUT027,1835.285636012321
FDU56,OUT018,2858.839955540865
FDQ32,OUT017,1981.2991583049816
DRK35,OUT013,678.5248641235967
FDA58,OUT049,3597.2008451765223
DRG48,OUT019,425.191258708693
FDT59,OUT010,624.8153197298999
FDQ31,OUT019,218.40299110100023
FDS51,OUT018,916.09133372396
FDW32,OUT027,2266.1056977404382
FDI15,OUT027,4440.386063606926
NCV30,OUT017,1100.0288613474104
DRG25,OUT049,2966.488281006773
FDT02,OUT013,555.4956621145376
FDO33,OUT027,3090.6819201887347
FDP38,OUT035,766.2676775154998
FDZ45,OUT035,2645.6035225649707
NCA54,OUT027,4486.326614339493
FDU33,OUT017,876.4679911139498
FDN58,OUT017,3434.6689590959495
FDI05,OUT045,1301.6977142058627
FDM57,OUT019,161.154927928525
NCS42,OUT027,2829.8754834510382
FDB57,OUT045,3445.424795085319
FDC03,OUT045,3097.2942001405113
FDZ58,OUT013,1931.9338610771426
NCK29,OUT045,2176.003400703065
NCR53,OUT045,3408.5874309805513
FDE26,OUT027,3869.8151443891543
FDU52,OUT049,2357.334682444779
FDE41,OUT027,2021.640525072662
FDU38,OUT018,2694.1144974149456
FDA52,OUT017,2830.917936615509
FDW46,OUT046,1461.4037947041454
DRI59,OUT035,3786.3088681056192
FDT38,OUT035,1267.060950750442
FDL33,OUT018,3030.659218606027
FDQ01,OUT027,4779.449943943049
FDJ08,OUT046,3023.225842970479
FDQ47,OUT049,617.7251016301639
NCZ18,OUT013,4051.3537688651877
FDE29,OUT017,1033.491582863052
FDF10,OUT027,3354.450944768397
FDC48,OUT049,1328.8006532121633
FDY58,OUT013,3602.345823126763
NCX30,OUT010,742.7963177353388
FDV11,OUT013,2761.820860377054
FDT46,OUT046,800.013147620068
DRD01,OUT019,170.3806692474163
FDQ11,OUT013,4076.262674677662
NCM41,OUT017,1437.4728874296538
NCC55,OUT013,560.1124566474506
FDG45,OUT027,4302.291426206957
NCQ54,OUT049,3043.6226417646517
FDM34,OUT045,1879.3930783191036
FDD17,OUT019,536.9491561493444
FDN38,OUT027,4543.144159868279
FDB53,OUT018,1779.659712026647
NCL06,OUT035,3908.8232769936676
NCV18,OUT019,161.01593849693523
FDX25,OUT013,3049.574477846244
FDB39,OUT046,872.1244731136935
FDC33,OUT049,2946.2904627000553
NCO14,OUT018,532.52653439317
FDA58,OUT027,4206.606582104508
NCQ02,OUT017,3127.731598452262
NCR53,OUT017,3263.0410062347555
FDN52,OUT046,1255.16739670685
FDG26,OUT046,3920.616776052127
FDE23,OUT027,1235.1096946374644
DRI37,OUT013,791.7337527806392
DRH37,OUT018,2568.1259770922284
FDO01,OUT035,2196.5028538195925
FDK45,OUT049,1948.2636156243912
FDP23,OUT049,3557.891304513246
FDM33,OUT035,3525.16211002213
FDD36,OUT017,2120.279459724503
FDL56,OUT017,1282.144246896016
FDT27,OUT010,610.3338677725518
FDG52,OUT017,647.326016334607
NCL42,OUT035,3736.552827809898
DRJ24,OUT046,2927.863604611894
FDV38,OUT046,823.4219315184938
FDT35,OUT045,3004.0741666454683
FDY51,OUT045,3256.4067310438886
FDC37,OUT017,1793.4118299963782
NCP43,OUT013,2881.865231071231
FDO33,OUT045,1774.0400956319436
FDW04,OUT018,1662.5273458395036
NCC31,OUT046,2371.7396859982186
FDK22,OUT049,3474.885232828591
FDJ50,OUT017,890.2082717382102
FDV13,OUT017,1358.5563179144044
DRL60,OUT017,2365.7938869293994
FDW03,OUT017,1870.1829072035764
FDY27,OUT035,2872.9139197973204
FDB39,OUT027,1555.1776879746735
FDU59,OUT045,2322.5299768384557
FDZ57,OUT049,2134.259134359034
FDO21,OUT049,3426.0845903392205
FDS43,OUT018,2936.279172331303
FDU28,OUT010,540.5150486967107
FDC51,OUT010,217.27215843302838
FDW16,OUT010,188.76735121520767
FDP32,OUT010,181.76132277229132
FDB60,OUT019,416.20971950693854
NCQ30,OUT046,2015.5028802208012
FDD26,OUT049,3240.5393473512518
FDI44,OUT045,1313.9956634605478
DRH23,OUT046,952.7936197992868
FDO44,OUT046,1808.0206543912846
FDG04,OUT046,3066.9589308292566
FDM32,OUT027,2911.523210488431
FDM09,OUT013,2543.0894156901095
FDZ47,OUT013,1557.429719295438
FDM40,OUT027,3936.862973520096
FDY48,OUT017,1742.8658486970985
NCM30,OUT045,632.6520731941615
FDX36,OUT010,789.0178766208265
DRF03,OUT017,639.2438030112324
FDN51,OUT049,4008.4199556659773
FDM57,OUT049,1274.3128429109051
FDB35,OUT049,1444.5622074465482
FDY13,OUT027,2704.8357546582756
FDA37,OUT017,1917.4385799862443
NCX53,OUT017,2210.603623156442
FDD59,OUT018,1139.3953308981454
FDX10,OUT019,118.31398535512258
FDC03,OUT018,2726.8947719985504
FDW43,OUT035,3246.3730940164505
FDW10,OUT046,2512.6756202745564
FDY14,OUT027,4404.380027975415
FDV43,OUT045,633.4917157740168
FDO40,OUT013,2199.0979892532023
FDP46,OUT027,2643.8489076655933
NCE43,OUT019,367.9890871225112
FDD05,OUT035,2214.5932154806555
FDJ60,OUT010,412.3856732454262
DRE27,OUT018,1184.7422302765851
FDO11,OUT035,3701.942276073553
DRG11,OUT027,2824.965851868252
FDK33,OUT010,475.2499525384826
DRM23,OUT045,2812.3614254505264
FDJ02,OUT027,4179.004309417528
NCZ05,OUT045,1625.2350592493772
NCL30,OUT013,1980.5321210553861
FDZ19,OUT018,2647.5573431097237
FDM45,OUT049,2106.3614268707297
FDO36,OUT046,2786.965941245971
NCK31,OUT045,771.9970918330147
DRJ37,OUT045,2601.982832488082
FDP24,OUT018,1746.9100080249052
FDF46,OUT013,1756.059868306797
FDX46,OUT019,153.88255905445817
NCL18,OUT045,2872.2814246892935
FDJ26,OUT013,2990.6409970516893
FDJ07,OUT045,1847.0950947878807
FDY15,OUT013,2259.1296976807394
DRG01,OUT045,1276.9338363666604
FDF58,OUT045,1195.970694410397
FDZ14,OUT019,277.9605277621865
FDP31,OUT049,985.0910226003958
FDH45,OUT013,613.9370415565256
FDA09,OUT010,634.1444047708839
FDW31,OUT035,2695.242174101752
FDA57,OUT046,631.1535521744013
NCE55,OUT035,2793.094564890394
FDC17,OUT019,607.3992900504679
FDC59,OUT013,929.3452273209556
FDA22,OUT013,2622.049674422027
FDK52,OUT035,3414.7347879279446
NCM26,OUT046,2540.541261417389
NCT53,OUT035,2647.08916556961
FDW45,OUT018,2426.8355453831127
NCI18,OUT035,3368.104074750725
FDE38,OUT018,2443.2581490053676
FDF08,OUT019,209.07338092197216
FDY58,OUT010,561.1984223750928
FDF58,OUT019,159.472228162009
FDX39,OUT017,4084.0357580150317
FDB44,OUT049,3370.344158376112
FDF28,OUT013,1988.4117568946976
FDE39,OUT013,1950.2668792833056
FDT37,OUT018,3449.5619859757508
FDZ45,OUT017,3081.2131161702173
FDO40,OUT035,2634.981020301822
FDM57,OUT027,1944.147251782163
DRG36,OUT017,3101.5403021887278
FDY36,OUT010,191.11256211009103
DRL60,OUT027,3054.267995931921
FDS25,OUT019,198.79995357139168
DRF49,OUT027,3215.4016820449015
FDP16,OUT045,3645.5544365795854
FDS60,OUT049,2886.3532137759025
FDU15,OUT027,1049.4911483159317
FDK43,OUT046,2155.1123516207276
FDN25,OUT046,862.3133682136753
FDE53,OUT049,1629.0805555971567
FDB22,OUT013,2455.7295202802916
FDE39,OUT017,2057.4663648739656
FDX35,OUT035,3666.7045719482253
NCG54,OUT049,2860.525770087655
FDH27,OUT035,2515.6893166870595
NCK42,OUT013,3407.347266157601
FDS25,OUT049,1803.8743709407104
FDI10,OUT018,2562.6155659834617
FDU35,OUT035,1647.9412470018945
FDI04,OUT017,3119.293031699182
DRK23,OUT035,3653.1971738959624
FDB53,OUT019,375.2427231862846
FDY02,OUT049,3543.806296960149
FDM60,OUT035,628.1525158069269
NCJ31,OUT010,646.8128833155381
DRP35,OUT017,1884.8930710337559
NCQ30,OUT018,1778.3811731617395
DRL11,OUT010,320.8083382801583
FDU01,OUT013,3115.1832474828243
FDR39,OUT035,2902.3810552644195
FDO08,OUT046,2461.896645713259
FDC02,OUT045,3393.6464895844574
NCZ29,OUT035,2006.5354481798481
FDF29,OUT010,271.7054829094162
FDZ23,OUT017,3126.4220090821577
NCU53,OUT018,2308.130853556141
NCW30,OUT013,3618.229975360553
NCM26,OUT027,3666.8642702889524
FDV50,OUT027,3450.2506376085807
FDW15,OUT049,2551.3250896475047
FDI35,OUT027,4396.79706007087
FDO11,OUT017,3908.0676396072954
FDN48,OUT046,1460.0738277180053
NCA17,OUT049,2395.5488643140484
NCN54,OUT013,1145.0767315176447
FDP22,OUT013,731.5051272685018
NCB54,OUT035,1933.700576915821
FDD08,OUT045,567.6029868830826
DRM48,OUT010,123.33248215800859
FDG41,OUT027,3124.5954413981876
FDE44,OUT027,1654.152782355582
FDE26,OUT035,2511.0229460221967
NCS38,OUT013,2209.504159394185
NCJ54,OUT018,3844.106641403095
FDI40,OUT019,248.09016286880228
FDN45,OUT018,3408.651265355323
FDU43,OUT046,3778.148364966661
FDI04,OUT010,430.0932388537582
NCC07,OUT018,1490.4063010948146
NCC07,OUT019,248.27113656033026
NCD18,OUT045,3592.3885542646017
FDU55,OUT035,4033.5781820520065
FDX59,OUT035,603.472737350327
FDR52,OUT049,3095.1711121978788
NCP17,OUT013,873.3841529919348
FDQ32,OUT045,1952.7455016608324
NCT17,OUT049,3151.1354773026856
FDO10,OUT049,919.2309593124421
FDE32,OUT049,588.9815695577961
FDN44,OUT045,2788.446219627113
FDH02,OUT035,1328.0196827379582
FDK60,OUT013,1616.74702947099
FDS24,OUT019,410.69529133122063
FDL03,OUT010,596.8760692835972
FDB46,OUT027,4283.4868157530345
FDO48,OUT049,3552.6798498031794
FDZ39,OUT049,1725.7006484948872
FDT02,OUT027,914.0612362690149
FDC50,OUT013,1475.693899134903
FDP39,OUT035,724.905776153448
DRG15,OUT018,937.0527494857702
FDP10,OUT018,1442.884177636459
FDF53,OUT027,3673.864394179016
FDN34,OUT045,2916.8591934475153
FDK02,OUT045,2089.061077934554
FDC23,OUT045,2984.3205809326346
FDJ10,OUT019,333.599849901951
FDE53,OUT035,1686.6398590289732
FDR25,OUT035,4159.337213903671
FDW50,OUT046,2514.616847377838
FDS09,OUT049,834.8553333995607
FDW49,OUT010,505.24349897551025
FDU51,OUT046,2748.550806720199
FDF28,OUT018,1802.0862288971464
NCY30,OUT018,2656.0225041749236
FDD44,OUT045,3859.1421114039713
FDX09,OUT017,2890.6493536503076
NCF30,OUT013,2114.9209241368717
FDZ50,OUT019,606.0504469672644
FDW37,OUT013,1351.860307443204
FDD11,OUT049,3631.5299835443748
DRH39,OUT018,957.9137586311168
FDA36,OUT049,3184.516554430574
NCG43,OUT049,1472.8873888791527
FDF02,OUT035,1775.63029393202
FDP57,OUT027,2542.785160929777
NCE42,OUT017,3435.8483055550832
NCR38,OUT027,4458.180685882902
FDP03,OUT019,281.76048541077415
FDO51,OUT035,656.6869192793889
NCQ42,OUT046,2144.8962480681516
NCM41,OUT046,1399.1341443710012
FDH48,OUT027,2203.4421238866894
DRF60,OUT046,3732.3637871802866
FDJ27,OUT035,1673.9557479065259
FDQ14,OUT013,2165.014584685443
FDN27,OUT017,2140.585246248773
NCQ02,OUT046,2977.753177083571
FDJ33,OUT049,2041.0770536411687
FDP07,OUT027,5466.92422691706
DRE01,OUT049,3742.5883325237146
FDU36,OUT045,1417.9365014222244
FDL28,OUT017,3475.678100550517
NCX53,OUT046,2303.0611510935573
FDZ39,OUT013,1650.4457633331667
NCP42,OUT013,2926.6188649213527
FDJ14,OUT035,1299.2678595280156
FDK04,OUT049,842.7699967549928
NCC19,OUT017,2998.219093218296
FDS09,OUT018,722.8134160107975
FDZ02,OUT046,1426.9237148228653
FDD35,OUT018,1842.59713215314
NCY42,OUT017,2509.87163031204
FDB05,OUT045,3259.2880540155597
FDF20,OUT035,3015.9019360350676
NCO41,OUT018,1311.3008518941663
FDC40,OUT027,2159.573175114749
FDV58,OUT045,2216.9517140834064
FDZ57,OUT045,1891.373028082977
DRM35,OUT046,2921.834476115834
DRN36,OUT018,1420.8395889650978
FDQ13,OUT046,1287.3133679846544
DRO35,OUT010,237.72759513074405
NCD43,OUT035,1895.9365662051603
FDA51,OUT018,1634.223460325377
NCX17,OUT027,4713.9374853151585
NCZ17,OUT049,631.1078614483575
FDR11,OUT027,4274.593816825152
FDW34,OUT049,3708.478946832505
FDN50,OUT017,1376.4324404680222
FDS09,OUT046,829.7254368210414
FDS48,OUT018,2219.23463778184
FDL44,OUT049,2734.472959524721
DRF48,OUT018,3026.717053819285
FDA14,OUT018,1606.6312843862722
NCD30,OUT049,1499.1121761064026
FDI16,OUT017,764.1011751932689
NCG06,OUT035,3825.947535882049
DRZ24,OUT035,2055.848860799554
NCS17,OUT045,1457.263773887255
FDB37,OUT045,3696.2855521781444
FDE10,OUT035,2033.883498208646
FDC57,OUT045,2933.5753176282888
FDM12,OUT018,2508.8578458685156
FDE24,OUT049,2024.931390112028
FDW22,OUT045,3305.2383408631663
DRD01,OUT027,1651.4101525938584
NCZ18,OUT027,4480.8339214268035
FDN49,OUT045,619.0403968238924
FDR22,OUT035,2296.279228694852
FDV08,OUT019,98.4350115665369
FDY39,OUT046,3085.140514135354
FDV36,OUT049,2417.2368693875546
FDO60,OUT045,639.1970731516302
FDU04,OUT027,3417.2131507373306
FDR20,OUT027,1392.4594602261254
FDW19,OUT019,248.6307895082068
FDU40,OUT049,2763.722285454683
FDK15,OUT045,1524.9597801540672
DRF15,OUT035,2419.067912286414
FDQ25,OUT017,2836.4953007679937
FDI48,OUT019,152.8263725619881
FDS49,OUT046,1402.2063927996912
FDV22,OUT046,2776.8189538276847
NCV42,OUT046,1808.392514423348
FDX26,OUT046,3005.234869226092
FDI33,OUT018,1423.2321409675185
FDZ14,OUT049,2085.6673518846583
FDG10,OUT013,737.8947902454344
FDM38,OUT018,777.7434827844584
FDG26,OUT027,4899.792533269941
FDH46,OUT035,1790.3957329135758
FDN13,OUT018,1249.0437506118622
FDU57,OUT035,2488.1639839217873
NCI06,OUT046,2965.4876956722705
FDM38,OUT045,947.825829054966
NCG42,OUT010,291.88863262306165
FDL39,OUT045,2976.193032870703
FDT31,OUT019,471.3742248395956
FDV59,OUT013,3481.8241845289526
FDB49,OUT035,1774.8909136517527
FDD58,OUT049,1669.4942897274734
DRN59,OUT046,769.3108211052128
FDX48,OUT049,2571.615484319467
FDQ11,OUT049,3955.960934166957
FDY12,OUT049,979.5359860142675
FDQ11,OUT045,3959.643137876516
DRI11,OUT017,1944.9061126837735
FDY32,OUT027,4063.3810658048706
FDS51,OUT045,998.790778415883
FDR19,OUT010,371.6304484189597
DRB13,OUT018,3287.2061303759906
FDS21,OUT035,1166.0586503665859
FDQ40,OUT045,2702.5323317546654
NCE55,OUT013,2823.81710808261
FDX43,OUT027,4281.863227723886
FDS12,OUT049,2108.384261465399
DRK01,OUT027,2491.079068153618
FDN25,OUT017,823.2387245016597
FDB60,OUT046,3338.687487096428
FDQ13,OUT017,1286.5712193794966
DRK13,OUT045,2871.4575966244515
DRF25,OUT018,390.40844047249004
NCD42,OUT019,70.51368509090618
FDW25,OUT045,1423.0163430246494
NCV29,OUT027,4409.688087776913
NCK42,OUT035,3301.5761937990237
DRJ13,OUT027,3996.2605644021787
DRD15,OUT017,3478.5339058837108
FDM27,OUT045,2649.4560029661625
FDZ50,OUT018,2573.620894645944
FDC04,OUT046,3661.6527646143313
FDF50,OUT049,3066.8504014085383
FDP15,OUT045,3722.6870850708906
FDK46,OUT035,3977.1982198876663
FDZ56,OUT018,2360.7839713466933
FDY60,OUT049,2267.6286170175367
FDB10,OUT035,3645.5171163379773
FDR57,OUT045,2287.9687629338964
FDU58,OUT049,3067.5344553318096
FDH02,OUT046,1314.0420467382025
FDP48,OUT013,3126.0394944606123
FDI46,OUT035,3751.5942731581845
FDW56,OUT013,2974.6983441632024
NCM19,OUT010,223.34400695985553
FDS50,OUT027,4751.08264519269
FDK24,OUT013,649.0451079615639
FDO36,OUT017,3172.051364791802
FDK45,OUT027,2985.607448389055
NCL05,OUT045,733.9398391793189
FDL32,OUT018,1750.645634524305
FDA28,OUT049,2011.8385205584825
FDY36,OUT018,1173.6382113780685
FDP32,OUT018,1810.1977801904702
FDL50,OUT046,2010.1068244025696
DRC24,OUT049,2618.670591868515
NCS18,OUT017,1761.9209393690874
FDD16,OUT017,1100.8053168339657
NCV18,OUT013,1785.691134558915
FDX07,OUT046,2909.0409257902797
NCZ05,OUT027,2734.22968127834
NCI31,OUT013,592.1332238318637
FDK14,OUT049,1340.7625944167398
NCR06,OUT045,709.5847929458375
NCF54,OUT049,2814.735941761996
DRG23,OUT010,370.55030886966824
FDD53,OUT046,615.796221801587
NCM31,OUT027,3302.3454160389456
FDT16,OUT017,3696.745784977783
FDR40,OUT035,1353.0603159824009
DRG25,OUT017,3002.232385615125
FDT10,OUT035,1176.0018209593163
FDY32,OUT013,2451.458504207684
FDN50,OUT035,1341.1849002089668
FDZ35,OUT019,224.93840979413372
NCP54,OUT045,2019.7930608431284
NCD07,OUT035,1613.6725728692393
FDS02,OUT018,3025.271610421605
DRN59,OUT018,656.5872218573562
DRB24,OUT013,2319.0248177272583
FDP37,OUT027,3370.9189632086664
DRB01,OUT018,2970.1976423551414
FDR47,OUT046,2909.955519177104
NCM31,OUT010,428.8319655396542
NCF06,OUT027,4872.763493462227
NCV17,OUT027,3186.137524610759
FDS10,OUT049,2724.4253010979987
FDN52,OUT035,1226.9030812558021
FDZ48,OUT013,1754.7215054606306
FDJ48,OUT049,3751.0310057030956
DRB13,OUT027,3933.0693006554147
FDV59,OUT017,3548.8497852249548
FDL32,OUT035,1849.6651218030474
FDZ12,OUT035,2126.7012363102267
NCR06,OUT027,950.9383567499256
FDP51,OUT017,2004.281958039962
FDY22,OUT013,2063.1439045449756
FDZ38,OUT049,3239.1404928191682
NCO54,OUT035,953.6588525477908
FDR23,OUT035,2818.2143531122892
FDM38,OUT049,958.1323601763281
FDS25,OUT013,2121.3684769631436
FDZ22,OUT013,1278.9192761930344
FDZ20,OUT019,453.9968352004765
FDD45,OUT010,153.8180958137854
FDN03,OUT049,3620.8004410462063
NCW30,OUT046,2971.1420792622152
FDY24,OUT027,1707.995667713721
FDJ26,OUT019,469.7290081211876
FDM15,OUT049,2597.193595817629
NCW54,OUT027,1908.0862109227328
FDA23,OUT045,1682.4338892316848
FDA39,OUT019,73.86883989378893
FDZ12,OUT017,2591.4022027070346
NCB42,OUT046,1971.326114376426
FDL16,OUT046,795.7479658525061
FDO24,OUT019,362.20548225370504
NCP42,OUT046,2980.8177566775184
FDR19,OUT018,2199.2369044787356
DRL01,OUT045,3828.9193705934704
FDV37,OUT046,2693.4629717244597
FDI41,OUT010,315.2472542640169
FDF58,OUT049,1154.73814525104
NCF43,OUT018,1740.7361740969466
FDN02,OUT049,3202.5670951593074
NCP41,OUT035,1656.3565626201403
NCY17,OUT027,1095.379041727188
FDL58,OUT027,4333.845294284404
NCA30,OUT027,5083.8716241196635
FDE46,OUT018,2295.2820338576403
FDY38,OUT035,3718.779350241366
NCH29,OUT027,2628.6305722078955
FDO20,OUT045,3667.4604617285013
FDP44,OUT018,1306.3846701510402
FDM02,OUT027,2645.7435976330935
FDJ14,OUT027,2497.144184801797
FDH04,OUT010,228.5256259321
DRK23,OUT046,3675.260911390924
NCW05,OUT046,2100.684475895709
FDF12,OUT049,2437.7451571938886
FDL51,OUT019,448.60079970732966
FDN03,OUT018,3965.6125837174795
DRJ37,OUT049,2525.840864721814
FDM12,OUT019,477.32942199284525
FDA16,OUT045,3471.541530307443
NCB07,OUT017,3061.9359934071167
NCI17,OUT019,194.51425832625037
FDR51,OUT046,2642.858685571069
FDJ55,OUT045,3421.268563314962
NCZ17,OUT013,595.8358826563356
FDU25,OUT013,833.6110546679338
NCG18,OUT045,1684.8799487592096
DRM11,OUT017,3477.2676979676053
FDH16,OUT035,1464.456989848391
FDZ04,OUT018,898.9381033797333
NCX53,OUT035,2179.0096877962374
FDX38,OUT027,1450.4759260151309
FDX09,OUT046,2805.168543844063
NCW05,OUT018,1666.612677287113
NCS41,OUT017,3092.6734941267655
FDI26,OUT046,2852.403579153209
NCZ41,OUT027,3151.18420226014
NCK06,OUT046,2197.0105512820937
FDX23,OUT027,2179.0756543951434
NCA42,OUT046,2444.860292967793
FDC20,OUT049,887.5926710222753
DRC49,OUT018,2009.5694155647625
FDX01,OUT013,1940.8911212633955
FDC08,OUT045,3328.694907656706
FDC02,OUT017,3644.899123607789
FDK10,OUT045,2860.723808079528
DRC24,OUT013,2483.6121593412913
FDW16,OUT019,222.5360337815222
NCU06,OUT018,3265.0670767953015
DRA59,OUT045,2910.4904696876056
FDR24,OUT019,465.6266736417345
DRL35,OUT018,505.2931394784623
FDA49,OUT013,1340.996177644006
NCC55,OUT046,586.1310065172797
DRD24,OUT019,398.1617502832453
NCE55,OUT049,2865.345670594223
FDT33,OUT045,3002.571154260361
NCT53,OUT013,2402.6048148401287
FDS26,OUT046,3592.5728290275724
FDL22,OUT018,1293.4049011530226
FDP44,OUT017,1642.9803082858386
FDC52,OUT018,1896.5780399811501
FDI53,OUT010,514.6883802688429
FDZ23,OUT046,3107.5341829845183
NCT18,OUT013,2945.508489769063
FDR13,OUT046,1961.8764743451043
FDB09,OUT010,265.8914103528263
FDZ60,OUT013,1469.5033300980292
FDB11,OUT046,3647.0714775898027
FDC10,OUT018,1849.3933695360936
FDW56,OUT035,3082.1583376806234
FDK14,OUT027,2388.811093257895
DRE27,OUT027,2742.7744756488373
FDA38,OUT017,3093.2185304135755
FDT11,OUT045,3244.1425355936094
FDP15,OUT035,3942.1975005402624
FDV27,OUT035,1318.2321007779296
FDS36,OUT027,2988.715513311068
FDY40,OUT027,1482.1197615843025
NCF19,OUT049,750.4114587198151
FDF53,OUT045,2899.727964184494
FDS14,OUT027,3907.082556130974
FDE56,OUT046,1192.5780686171959
FDZ19,OUT035,2685.047160026711
FDZ46,OUT013,1716.2560153041807
FDR16,OUT046,3808.940006256114
FDG29,OUT018,396.17431892377397
NCE30,OUT017,2951.17713565839
FDZ40,OUT046,845.482397643775
FDG58,OUT018,2302.7867833160603
DRH03,OUT013,1438.9828730760119
FDZ47,OUT045,1496.5737301071247
FDV04,OUT018,2276.25804507835
FDZ10,OUT018,1862.587441119306
FDG46,OUT017,2046.4728060908312
NCF07,OUT045,1513.1843512145276
FDY44,OUT035,2931.7129233069018
FDB21,OUT013,3691.319580890891
FDS20,OUT035,3030.1961302790487
FDS49,OUT049,1341.9290365876434
FDX55,OUT027,4675.598965758895
NCQ02,OUT018,2780.1684657189194
FDR25,OUT013,4050.6156728343344
DRG39,OUT045,923.6789356794853
FDB46,OUT046,3373.4274517925237
NCC30,OUT018,2591.591887912384
FDE58,OUT035,1962.3279782854445
FDC05,OUT019,568.9916522040093
FDY15,OUT046,2614.5862304933103
FDG14,OUT046,2450.9772058914155
FDL08,OUT049,3832.584685146755
FDQ47,OUT013,593.2371358678942
FDN12,OUT035,1686.2637713380384
FDW10,OUT013,2554.246158529621
FDD02,OUT035,1900.323503835393
FDX35,OUT010,590.8874219731099
FDT35,OUT046,2790.2841201871056
DRN47,OUT019,464.9093401042859
FDB11,OUT010,678.6262582452619
FDN20,OUT045,2831.100094872023
FDB59,OUT035,2591.7521742527724
FDJ58,OUT045,2986.7250396141258
FDU60,OUT046,3172.4622400302674
FDS03,OUT049,1232.3908889244963
FDU40,OUT019,414.5478740743793
DRH15,OUT049,829.3770000093324
FDD04,OUT027,3695.350177972166
FDQ01,OUT046,3741.547065337055
FDF28,OUT035,2014.1398278827764
FDD22,OUT010,338.4911207628657
FDY19,OUT046,1928.9828126050284
FDN33,OUT035,1423.81797041135
FDV36,OUT035,2340.641984802842
FDW01,OUT010,269.0204340233271
FDJ28,OUT049,3084.0426646058854
FDB17,OUT035,2922.412588920047
FDM40,OUT049,1939.9859459766483
FDV46,OUT045,2314.556992524862
FDQ44,OUT049,2077.155520519202
NCD42,OUT046,607.974035723141
DRH37,OUT046,2573.445650409878
FDR10,OUT018,2475.472859250105
NCD06,OUT027,1443.8565578905288
FDI53,OUT046,2368.833061424279
FDG16,OUT035,3526.9567709811627
DRB25,OUT046,1690.710384666459
FDY09,OUT046,2840.5791886514476
FDX48,OUT045,2579.6809481384184
FDC03,OUT010,442.2143831479365
FDT47,OUT035,1803.1571598150488
FDW44,OUT027,4382.086078842982
FDT24,OUT017,1371.3900284426172
FDT12,OUT019,526.1068432254523
NCS38,OUT035,1800.9568465373259
FDO39,OUT035,3135.680131345013
FDA13,OUT046,615.158295960824
FDO48,OUT035,3578.8569606604474
DRJ01,OUT017,2330.444965752555
FDD53,OUT018,359.3715951683533
NCT05,OUT049,3951.258456593374
FDQ51,OUT045,830.7866022991336
FDU60,OUT013,2759.404072633487
FDC59,OUT046,1166.8583038723264
FDP36,OUT035,939.9441893679136
NCM19,OUT017,1858.6149646425347
FDL16,OUT035,635.1839259643446
FDE50,OUT018,2678.1782328202094
NCR18,OUT013,632.8035063575575
NCD30,OUT035,1558.9369897626632
FDH31,OUT013,1513.3008793195302
FDD56,OUT019,686.5780841399715
FDC47,OUT049,3756.99714649531
FDZ21,OUT045,1388.6198178546008
FDM01,OUT049,1655.119735962916
FDF24,OUT013,1226.430908147419
FDW23,OUT017,656.7705111515368
FDY52,OUT018,1032.0960195185537
DRH37,OUT027,4250.3310260337175
DRO47,OUT027,3314.9055159939344
FDR25,OUT049,3852.2971632355116
FDQ24,OUT027,4382.903863909468
DRJ51,OUT018,3134.221184271299
NCU06,OUT035,3876.02452920776
NCV18,OUT018,1656.4535496821015
NCC06,OUT027,3080.1585901749268
FDZ01,OUT018,1537.7910155523061
FDT14,OUT017,2114.0107101721283
FDD11,OUT019,544.6223325498709
FDN09,OUT017,3543.987023194285
NCO18,OUT010,420.8752251439526
FDZ50,OUT045,3114.381643865586
FDS44,OUT013,3580.5768619378105
FDI36,OUT045,2900.3024980972405
FDA26,OUT010,486.7342937223502
NCY53,OUT049,1766.2520144501457
FDF32,OUT049,2750.12206765404
FDF59,OUT010,297.3831729770692
FDB20,OUT046,1384.0021206178205
DRH11,OUT035,842.4143299323682
FDT03,OUT049,2728.1115435083416
NCH06,OUT035,3545.0404700133367
FDR55,OUT049,3166.330139647419
FDI10,OUT035,3013.2990024304822
FDZ12,OUT045,2170.3833645332447
FDM12,OUT049,3081.685773210324
DRB25,OUT045,1594.0794662729518
NCS41,OUT013,2948.856080065668
NCT53,OUT049,2495.9641641107055
NCD55,OUT013,603.1054296041923
FDY08,OUT049,2060.626002798729
NCP55,OUT049,985.9659459829755
FDA33,OUT013,2409.883270716422
FDQ33,OUT013,2477.930325519812
FDE45,OUT027,4393.047439244872
FDT26,OUT013,1893.3841271472902
NCV53,OUT049,3879.3370439171254
FDK60,OUT027,2909.9410410898354
NCJ29,OUT046,1303.6220530539513
FDI15,OUT045,3741.694921937754
FDX21,OUT013,1886.4788804090929
FDV49,OUT019,474.4285772051524
DRO59,OUT046,1337.1148415605362
FDZ14,OUT045,1884.7792950997766
FDP32,OUT027,3167.140614963264
FDC33,OUT017,2754.1518394279287
FDT14,OUT010,187.30409626608537
NCN54,OUT027,2421.252281623286
FDR57,OUT027,3692.3372404559877
DRK12,OUT046,575.4955199824374
FDX52,OUT049,3053.231955557614
FDX08,OUT010,454.57560476018944
FDP10,OUT010,253.90911634021282
NCP50,OUT045,1172.3727702039912
NCL06,OUT013,3830.7662243051864
FDP25,OUT013,3532.7665679378024
FDE53,OUT013,1598.7438660724015
FDL27,OUT017,1226.4525272705425
FDC35,OUT049,3415.0705894723596
DRJ47,OUT010,431.2124743222222
FDD16,OUT018,1108.1661463238654
NCN42,OUT049,2585.779406979833
FDC38,OUT027,3250.267842011431
NCO07,OUT045,3352.2361435330768
FDQ20,OUT049,623.4261064595808
FDI32,OUT046,1891.3270336479845
FDN20,OUT010,498.78340580985883
DRJ51,OUT027,4376.2936018005
FDU08,OUT045,1512.2201205131385
DRN37,OUT019,424.9551302278597
FDD05,OUT010,230.30541427982538
FDW15,OUT046,2520.4314458464396
FDI52,OUT046,1984.592508816441
DRM11,OUT049,3546.6664008754
NCO06,OUT045,598.0516193102985
FDU38,OUT049,3144.1487591021396
FDU59,OUT018,2428.3634594629893
FDJ10,OUT046,2143.9933086509072
FDM13,OUT049,1852.4709932568137
NCJ30,OUT019,303.5163241073388
FDM45,OUT018,1930.6758027877408
FDP36,OUT045,835.5903520545044
NCD30,OUT010,247.11158067133056
FDN48,OUT017,1558.2749788116157
FDY32,OUT049,2505.908023701277
FDU47,OUT046,2166.507274418474
FDF17,OUT019,623.4995531974729
FDP34,OUT017,2681.4607547153732
FDA47,OUT049,2713.976101554444
DRD27,OUT027,2478.933507839573
FDW38,OUT045,965.9751577336569
FDZ15,OUT019,274.1316328399618
FDZ03,OUT027,4774.2159284320405
NCN19,OUT049,3041.967460536313
FDG02,OUT035,3038.391537521088
FDS31,OUT035,3043.6057638381376
FDW43,OUT019,531.6376181095106
FDZ47,OUT010,272.61810039474335
FDO57,OUT017,2423.9830127814143
NCL07,OUT013,617.9983153315802
NCV42,OUT013,1861.871369755403
FDP40,OUT017,1882.7951864476524
FDP48,OUT019,807.3288005424429
FDH21,OUT017,2527.945315519493
NCP02,OUT049,919.1450196026069
FDK24,OUT049,904.164024894195
FDC41,OUT045,1224.5029622638347
FDF08,OUT017,1280.406361837896
FDO49,OUT017,758.3161804770191
FDS56,OUT027,4953.949803094338
FDX46,OUT018,818.5761085631743
FDQ07,OUT013,3226.4290932423714
FDC32,OUT010,172.80811250797416
FDT21,OUT019,526.5555718383943
FDG58,OUT045,2624.0365631324153
FDW14,OUT049,1283.8507303794331
DRA12,OUT027,3449.9139238236926
FDV27,OUT013,1369.9687820099823
DRD25,OUT013,1731.0723795306951
DRF48,OUT027,4146.362737978619
FDX24,OUT017,1433.8682493711633
DRJ51,OUT046,3518.8240508741465
FDE45,OUT045,2951.354142059536
FDE14,OUT046,1662.5395787981472
FDG53,OUT045,1919.530900588892
FDT08,OUT046,2534.8347320944054
DRC27,OUT027,4168.886724270472
FDG20,OUT035,2705.451989647554
FDC21,OUT046,1670.3007075344028
FDV31,OUT018,2607.590934792353
FDB58,OUT045,2166.1288724600304
FDV23,OUT046,2041.7595458186618
FDA25,OUT019,211.99313035188385
FDC15,OUT046,2674.737957324034
FDU47,OUT049,2062.974859758648
FDE23,OUT013,855.5449001673513
FDS08,OUT013,2762.27216559869
FDW03,OUT027,2452.630052715568
FDJ60,OUT018,2147.505489077818
FDM34,OUT017,1967.683584076573
FDW33,OUT013,1751.3517326027982
FDZ40,OUT013,835.1462758908423
FDE33,OUT018,1117.485053720815
NCC06,OUT010,295.1887939905165
FDU11,OUT046,1859.550823842317
FDL44,OUT017,2451.591320733144
NCZ29,OUT017,1982.8907151200553
FDG28,OUT010,619.3398114964027
FDL12,OUT018,837.8307180594037
FDD52,OUT017,1864.0529865241801
FDO15,OUT013,1109.1092951342482
NCN29,OUT027,1320.373504739184
FDW36,OUT013,1622.6313312514226
FDB21,OUT046,3783.8306456901314
FDZ28,OUT013,1848.1055516603342
FDY10,OUT035,1934.1112632219201
DRG39,OUT017,818.4004469795741
FDN28,OUT013,1704.3529794091396
FDV15,OUT035,1903.1552006299469
DRI13,OUT035,3440.8358716064454
FDH20,OUT046,1501.8758027157642
FDY51,OUT013,3370.256573841623
FDE16,OUT013,3425.5042668623023
FDX40,OUT018,354.58365055264323
FDC48,OUT018,1160.804807217332
FDS14,OUT046,2315.4872943574837
FDX56,OUT017,3784.1908903302115
FDI10,OUT046,2945.1944137722558
FDI14,OUT013,2161.827836511905
DRM48,OUT013,743.7684501972543
NCH07,OUT027,4186.640967998114
FDY26,OUT013,3658.1377966513096
FDD02,OUT027,2392.3164650231574
FDM12,OUT046,2966.4963644513605
DRF01,OUT010,454.0579078621693
FDV36,OUT046,2450.2221867373814
DRI59,OUT013,3469.230169206564
FDV03,OUT018,2229.240059512354
FDO39,OUT017,3089.7783970299233
NCB07,OUT018,2510.2410897552754
FDH38,OUT027,2545.168687684685
FDZ13,OUT035,760.6485083339835
NCZ30,OUT046,2065.2135930997392
NCA06,OUT035,615.4605443439091
FDB04,OUT049,1313.2335945857676
FDN50,OUT013,1373.982620625298
NCG06,OUT049,3845.1968500789203
NCY17,OUT018,466.854595086939
FDC23,OUT046,2879.1793374526605
FDK33,OUT049,3522.566254421486
FDR03,OUT049,3565.132131856126
FDZ07,OUT045,1088.8322984302292
FDO38,OUT013,1156.2259955072916
FDS59,OUT046,1690.2352872039219
DRM11,OUT019,583.2331373469904
FDX52,OUT027,4768.908864780357
DRJ35,OUT018,816.614164701358
NCP53,OUT046,3647.5826478283234
FDW15,OUT019,347.91273036626063
DRI47,OUT045,2491.8407015869
DRZ11,OUT035,1920.461699130631
FDS02,OUT013,3045.8326278506056
DRD49,OUT018,3751.718331925489
FDW38,OUT049,1065.9638829366224
FDR21,OUT019,412.3123638952373
FDE40,OUT013,1034.5112012432683
FDI02,OUT045,1885.9847129600894
FDQ04,OUT045,738.8880179756113
FDY14,OUT017,3761.1449578909624
NCT54,OUT046,1467.9820983005036
DRD25,OUT017,1786.9981821999284
DRE01,OUT045,3909.7103974006122
FDJ12,OUT010,576.6927174771665
NCZ05,OUT049,1711.6231520723406
DRB25,OUT019,225.2080203817602
NCC31,OUT045,2489.3292455051596
FDM16,OUT045,1281.1154338436309
DRG11,OUT049,1651.1550787409165
FDV24,OUT027,3801.6729137214224
FDV43,OUT046,645.1707505684244
FDG05,OUT018,2055.8902525690173
FDV23,OUT010,206.93696692019495
FDI58,OUT018,1404.1810311597071
FDQ11,OUT017,3610.2391822973045
FDC05,OUT027,4682.199421307724
FDF40,OUT013,3742.2929303050396
FDU02,OUT018,3386.816572317084
FDT32,OUT013,2793.1948467284324
NCF06,OUT017,3444.3889530333504
FDT46,OUT013,741.253709328557
FDR58,OUT010,216.43999889395397
FDY04,OUT046,2562.817116860484
FDT58,OUT045,2830.2831661366536
FDE46,OUT049,2476.6398742482897
DRH11,OUT017,782.7508811545347
DRI51,OUT046,2820.2734505638173
FDC35,OUT017,3228.655400802629
FDP45,OUT035,3430.2360484695223
FDC45,OUT017,3020.955194433823
FDU01,OUT045,3178.856055595188
FDJ53,OUT010,204.63785534680378
FDJ46,OUT017,2904.89970704272
FDX07,OUT013,2891.3559059529775
NCI30,OUT049,3478.5578167057233
FDE47,OUT027,3518.8013860263495
FDV48,OUT045,1323.314068017558
FDN16,OUT019,216.04293561924752
FDM52,OUT013,2207.6336083462597
FDA32,OUT027,4711.356819304942
FDH05,OUT017,3350.0396238841395
FDW25,OUT010,260.35985145009164
FDQ09,OUT046,1801.0558283508951
NCM17,OUT010,111.87254867544625
DRM59,OUT046,2271.1991215372764
FDV47,OUT027,2218.5882849665227
DRE15,OUT035,1197.9692750067518
FDS25,OUT010,158.45981614865508
NCZ05,OUT018,1607.3203430884023
NCV05,OUT019,295.77497228118347
DRM37,OUT046,2870.7122407165443
FDV58,OUT027,5052.241958027919
FDN22,OUT027,4807.075778239053
NCO06,OUT049,578.5116043608697
FDT56,OUT019,260.06997941561576
FDM02,OUT013,1321.1525314520443
FDA09,OUT046,2920.161242121112
NCC06,OUT035,2312.790495488398
NCL54,OUT049,2867.1149902824272
NCB55,OUT017,807.792392514106
FDB12,OUT017,1842.3186838082404
NCA54,OUT049,2968.6254171505134
NCS38,OUT049,1943.28020179573
FDC02,OUT049,3620.3630929199885
FDK44,OUT019,556.2997396226438
FDE16,OUT035,3730.7862626236865
NCS05,OUT035,2081.7213126488464
FDZ59,OUT045,2981.9358061969456
FDI20,OUT017,3719.6789258938384
FDQ14,OUT046,2460.4991744028302
FDF53,OUT017,3009.551597489008
FDW25,OUT017,1343.9302806072437
NCQ43,OUT010,277.54341853395573
FDX52,OUT013,2900.8217060006245
FDE28,OUT045,3580.0218887994824
FDN15,OUT017,2093.4714293184666
FDO28,OUT017,1776.3689182240748
FDQ33,OUT045,2757.349392499351
FDM22,OUT010,135.91966110674008
FDJ03,OUT017,697.0100562119991
FDI16,OUT045,968.7215465292363
FDI09,OUT027,4458.148074423716
FDX55,OUT013,3429.413900728616
FDS23,OUT027,3453.7716640338854
DRC12,OUT045,2722.0009328537644
FDH41,OUT049,3586.4173508769163
FDN01,OUT013,2727.7886786124845
FDV55,OUT045,2511.818442374356
NCJ19,OUT013,845.4408547444448
NCY29,OUT010,160.22022304295194
FDP03,OUT018,2064.3117074255683
FDZ52,OUT045,1788.79423319662
FDH31,OUT010,216.42821347248457
FDQ19,OUT018,3830.5198405252245
FDS15,OUT035,1735.3933485672248
FDN32,OUT017,3076.392733853977
FDH32,OUT049,1532.7992637116447
FDF33,OUT017,1873.2387201993292
FDJ22,OUT046,2680.024022136218
FDG56,OUT010,111.49067661784487
FDC05,OUT046,3030.9588928884727
FDK09,OUT013,3488.37685616599
NCV29,OUT045,2870.0475575354667
NCC43,OUT019,707.2415152635054
NCA42,OUT049,2477.0580030793685
FDC10,OUT046,1913.8653748343534
FDC16,OUT013,1247.4862351246713
NCL17,OUT013,2079.577048138775
FDA51,OUT035,1788.0182428650412
FDW01,OUT017,2482.189776905582
NCF30,OUT045,2067.0240913070716
FDN49,OUT013,594.9364703035163
FDY20,OUT045,1338.699463350776
FDC15,OUT045,2749.555136723483
FDY24,OUT046,1300.0342702864846
NCG43,OUT017,1462.4089763381055
FDA48,OUT013,3462.242365214832
NCF55,OUT017,631.4566306330736
FDL38,OUT049,1370.2715046346839
NCQ29,OUT018,3166.8545527366355
FDC34,OUT017,2799.350154788425
FDP36,OUT027,1528.3657680823837
FDN50,OUT010,221.4607872421107
FDO23,OUT049,1429.4760933502275
FDT56,OUT013,714.2788826427793
FDT13,OUT027,4289.202050343154
FDZ03,OUT013,2884.8080697879263
FDQ03,OUT010,622.4532812235973
FDU44,OUT045,2618.950820174492
FDD03,OUT049,3559.4016386972867
NCH30,OUT013,1679.7639844370062
FDS60,OUT010,490.3143403161329
FDG08,OUT046,2971.989358911981
FDX38,OUT017,744.4813386478731
FDD22,OUT017,1884.8297032600537
FDW51,OUT013,3211.8725667668555
FDL09,OUT017,2800.837204087171
FDZ60,OUT045,1371.9148442189567
NCH07,OUT046,2642.939153092418
NCQ41,OUT049,3085.4068579750538
FDW04,OUT049,1862.2513123494737
FDI08,OUT027,4387.850942780882
FDR19,OUT019,396.267771814885
FDV13,OUT046,1274.652846425903
FDB52,OUT017,3527.0328449269564
FDZ48,OUT027,3256.332696292413
NCO14,OUT049,820.7644540093336
FDZ50,OUT013,2927.583014003754
FDN27,OUT019,285.9656286786252
FDQ60,OUT013,2258.6990784361733
FDR49,OUT017,755.3573022871147
DRJ35,OUT027,2101.6927965552954
DRI49,OUT017,1448.2435108353397
FDB47,OUT017,3640.681094925533
FDP37,OUT010,233.49361847800046
FDR26,OUT049,2554.0577927548816
FDY31,OUT019,351.21225395177976
FDC11,OUT045,1330.565972996191
DRP47,OUT035,3920.978111694255
NCY54,OUT018,2496.227107971273
FDR27,OUT046,2015.4333715202745
FDQ21,OUT019,249.34788140617266
NCQ29,OUT035,3596.280337033126
FDJ02,OUT046,2468.984145102019
FDE21,OUT018,1730.6991217302023
FDM39,OUT046,2740.906094308263
FDZ01,OUT017,1720.7976475943512
NCB19,OUT018,1457.3375724501218
FDU03,OUT046,2797.2918219245157
FDP27,OUT049,3163.9355568312812
DRF01,OUT045,2364.3162074705992
FDM03,OUT049,1682.2609537881476
FDV01,OUT046,2500.9571892622725
FDS16,OUT046,2653.8390570495144
FDO45,OUT035,1405.5199176886076
NCX06,OUT035,2976.531529374683
FDP13,OUT046,635.8029949727191
NCR38,OUT018,3467.7530932522245
FDA01,OUT013,771.0369549599185
FDT26,OUT017,1760.645362239681
FDD44,OUT027,4397.348136292568
FDB26,OUT013,881.7074202437376
FDP45,OUT019,498.2774224443869
NCP55,OUT046,986.0724000274672
FDT23,OUT017,1365.0131954937576
FDO51,OUT045,658.4394662759914
FDA44,OUT046,918.0947376905802
NCJ31,OUT018,3746.9300167318847
FDX37,OUT045,1529.7508033754302
NCD18,OUT049,3840.4206098995683
FDN40,OUT027,3439.580791400487
FDL33,OUT017,3053.5833266511995
DRF48,OUT035,2761.5310097593665
FDW08,OUT035,1947.0292715673322
FDX39,OUT018,3193.287029083198
FDB38,OUT049,2593.7283762955963
FDY46,OUT018,2833.3383617592403
NCB06,OUT049,2644.2612154759713
FDA34,OUT035,3374.7423881390887
FDA35,OUT045,2065.9354608693257
FDQ07,OUT035,3325.071956181124
FDU32,OUT045,2010.2680828309592
FDU26,OUT013,2049.531764407601
FDU13,OUT010,458.2417790758718
FDO09,OUT035,3927.6224534087337
FDW03,OUT019,260.5192149397879
FDB38,OUT013,2265.9553756634527
FDL26,OUT010,239.11086818922635
NCN43,OUT045,2013.6491467055625
FDH08,OUT045,3703.846168812911
NCC31,OUT019,356.9852551958662
FDH14,OUT035,2068.5807459704693
FDL40,OUT017,1500.980909279765
FDD20,OUT035,2100.6282424093415
NCV53,OUT035,3874.2296008620015
FDD16,OUT045,1104.6528093267307
FDP24,OUT035,1859.3558092181754
FDQ25,OUT045,2880.0856093059056
FDM38,OUT035,880.9883491977957
NCT18,OUT010,378.7078374584087
FDM34,OUT049,1970.907875871219
DRH37,OUT010,386.77239548085504
NCE07,OUT013,2285.488252590177
FDG12,OUT013,2145.172501130844
FDB59,OUT010,608.1912893338061
FDS10,OUT018,2772.82104465848
FDN21,OUT010,428.5268593031823
FDM02,OUT045,1334.4168370803245
FDO44,OUT049,1816.705807091301
NCN17,OUT017,1639.8556632305447
FDH16,OUT018,1382.7637705748612
FDL44,OUT046,2751.6645700224894
FDY47,OUT017,1836.258360147652
DRI39,OUT046,965.3920249501653
NCX54,OUT018,1679.2525628300066
FDE59,OUT046,609.246376623706
FDO46,OUT045,2926.9266004699107
DRE13,OUT046,1409.3352898803996
FDW14,OUT013,1351.606569414372
FDF35,OUT046,1537.3297063005248
FDO50,OUT019,237.2398175306451
DRF49,OUT017,1695.1789776695023
FDT60,OUT049,2097.840659280428
FDP38,OUT045,740.5833295882773
FDA31,OUT027,3975.41882555042
FDY52,OUT010,140.38838510656961
FDD03,OUT027,4579.111723957345
FDN52,OUT018,1240.2638949893737
FDU20,OUT010,233.56740658263945
FDD22,OUT035,1809.1367033304414
NCB55,OUT019,283.82589283341855
FDN27,OUT045,1897.199198814353
FDD16,OUT013,1347.3524509530623
FDW48,OUT046,1219.9320177196785
DRN35,OUT045,664.0819393579743
FDX25,OUT049,3070.671141293748
DRD49,OUT049,3462.1405686072803
FDE21,OUT019,230.66762868755035
FDN44,OUT035,2807.4690425555455
DRC01,OUT049,969.3173024405731
NCK30,OUT046,3769.7944992582843
FDU39,OUT013,823.8486950926901
FDB49,OUT013,1650.6990175008975
FDS12,OUT045,1997.1590668580227
FDR57,OUT018,2549.7902523334687
FDX22,OUT027,4978.042653957004
FDC60,OUT013,1644.3113177847472
NCE42,OUT049,3411.038303224274
NCK42,OUT049,3299.3656012457323
DRE01,OUT017,3653.413924959568
FDE57,OUT018,1747.5047285932078
DRK59,OUT019,505.67615545212067
FDB10,OUT027,4279.932630864969
FDQ25,OUT046,2776.2778375615303
FDY26,OUT017,3874.885139946477
FDG28,OUT049,3720.93349820022
FDM14,OUT049,1668.636503859449
NCH29,OUT049,1573.3853068919357
FDD48,OUT049,2163.737842978926
FDC17,OUT045,3822.5025317436266
DRH49,OUT027,1979.612514611745
FDN44,OUT018,2191.522677178972
FDC29,OUT045,1893.5590923333855
DRK01,OUT019,155.89957429119602
FDD48,OUT017,2107.303624678868
FDB59,OUT013,3064.387808805615
FDY45,OUT010,636.8847229837806
FDX60,OUT035,1313.500783370057
FDT09,OUT010,291.3423990839981
DRB24,OUT018,2129.296292621443
FDL13,OUT035,3632.923845237575
FDN16,OUT035,1702.7856016224448
FDK57,OUT013,2016.343702955324
FDO22,OUT027,2208.5947359362262
FDC57,OUT010,479.4446681146147
FDZ13,OUT027,1542.6273694097927
FDW27,OUT013,2504.6996037974786
FDX10,OUT049,671.4492152070611
FDY08,OUT018,1781.588386906265
FDA49,OUT017,1325.2197299138338
FDC32,OUT018,1395.663061400359
FDO04,OUT035,915.8500596421939
NCZ54,OUT013,2289.0437474186115
FDY40,OUT045,731.8607768403874
FDW36,OUT045,1559.8737846616548
FDE11,OUT017,3298.7846897461754
DRE37,OUT045,2894.3519135784773
NCK19,OUT017,3034.810719607906
FDT19,OUT035,2710.2314320368464
FDE56,OUT045,1104.9711118959472
FDZ57,OUT010,314.09776454214875
FDB35,OUT035,1526.1690665255765
FDF09,OUT010,74.60495902768443
FDO34,OUT046,2938.247496345447
FDA55,OUT046,3536.6828438475186
NCM18,OUT035,1284.4641387143718
FDJ20,OUT019,221.47500387329197
DRQ35,OUT019,257.1190706453242
FDG02,OUT013,2984.5280970843082
NCU29,OUT018,2399.952265529867
FDL27,OUT027,1666.4830810406484
NCA54,OUT035,2962.896337163973
FDJ32,OUT035,1071.5232184411254
FDB21,OUT019,639.9189763901569
FDR46,OUT035,2768.617392020073
FDZ32,OUT046,1724.7779465770298
DRF36,OUT017,3035.8794910734455
NCU54,OUT017,3508.792652511123
NCI31,OUT017,595.875424429243
DRA59,OUT035,2912.7129218427754
NCC55,OUT045,706.8719038793257
FDE44,OUT018,554.7762686706056
NCN26,OUT018,1798.6409931801943
FDC11,OUT049,1277.1089471492828
FDV24,OUT035,1941.6214885768757
FDR40,OUT019,226.03396169865823
NCQ17,OUT049,2612.242267630107
FDC46,OUT045,3055.804649242961
NCM18,OUT046,1336.2344965103798
FDK16,OUT046,1442.4619985024972
FDI28,OUT017,1275.9621639461054
FDS11,OUT018,3583.8207917021978
DRD13,OUT046,1202.112160369724
FDL36,OUT035,1396.0358368896298
FDI27,OUT013,751.5119574433648
FDJ53,OUT019,229.70252161895547
FDS44,OUT045,3867.3253412184013
FDE28,OUT046,3740.7633667952055
FDQ33,OUT018,2386.452404634752
FDB37,OUT017,3543.3989372618175
FDQ31,OUT045,1366.2017851610967
NCQ05,OUT046,2478.9833527521255
FDE10,OUT013,1922.8635351518806
FDF38,OUT017,579.0082462600296
FDE50,OUT019,551.0993692020417
DRG37,OUT010,370.55401087982136
NCH06,OUT049,3557.4067652649783
FDY14,OUT045,3815.1979913891164
FDO27,OUT017,1723.3995332988497
FDQ19,OUT049,3760.408595520507
FDZ26,OUT019,651.2057230950381
FDN51,OUT013,4003.1819573170937
FDK20,OUT035,2173.154835433203
FDD40,OUT018,2726.735256683375
DRI25,OUT018,928.5242326478586
FDH56,OUT017,1705.4829390043608
FDI36,OUT027,4617.877729200657
DRH11,OUT018,741.6224825973743
NCV18,OUT017,1928.7328570132145
DRI01,OUT049,2881.1009483089465
DRE48,OUT049,2609.517149186505
FDS51,OUT035,1116.3292264857891
FDM38,OUT017,826.2030381840518
FDB60,OUT027,3835.619059545738
FDY58,OUT035,3572.2032824521393
FDY22,OUT045,2351.4085825634465
FDF11,OUT027,4151.526333181038
FDZ51,OUT035,1542.013615818205
FDQ45,OUT017,3078.069877285796
FDF17,OUT035,2967.09921065824
NCF31,OUT027,3259.838754826635
FDA37,OUT013,1851.9024216508087
FDO51,OUT046,765.1184756881022
FDF34,OUT013,2688.3008651196283
FDD57,OUT018,1327.9884545509192
FDO37,OUT046,3900.57693613526
FDR49,OUT049,840.7359643463467
FDS39,OUT049,2001.64699637831
FDI48,OUT027,1540.2178205190096
DRM35,OUT049,3097.330065815289
FDV57,OUT035,3089.7109848530404
FDZ55,OUT013,2564.1907777827423
FDI28,OUT035,1307.05323291817
FDS21,OUT045,1088.6500721201678
FDT34,OUT013,1758.8275194881699
DRI25,OUT035,993.426668900402
FDT47,OUT010,248.03475008132938
DRH39,OUT045,1183.1799165919995
NCD54,OUT045,2516.5184984377574
FDU16,OUT027,2060.485897784939
NCW29,OUT045,1932.1282883554238
FDV25,OUT027,4995.346716805514
FDM56,OUT035,1593.6921391835328
FDZ04,OUT027,1932.085450910195
FDG59,OUT019,102.6551295825065
FDI56,OUT045,1348.5636726522034
FDS33,OUT035,1511.1580742206434
FDC23,OUT049,2954.3908821218124
FDT11,OUT049,3330.5196939342172
FDG17,OUT045,3750.2443285209297
FDZ44,OUT045,1818.076581599943
FDJ52,OUT013,2310.671120279562
DRI23,OUT046,2595.3265957258122
DRE15,OUT010,179.18749898947138
NCF07,OUT013,1683.1317785275432
NCR29,OUT049,827.3995507428033
FDE44,OUT019,172.92604115975874
FDT23,OUT035,1359.8993676509772
NCG06,OUT017,3345.9412875536627
NCU41,OUT010,507.7195448755028
FDH46,OUT017,1856.8302992927504
FDV31,OUT013,2836.315519553079
NCT41,OUT027,3274.270275834647
FDE22,OUT027,4030.6418310868107
FDC26,OUT045,1681.8270645408277
DRF51,OUT017,704.6178060407298
NCY53,OUT019,239.90608558861135
FDY21,OUT017,3164.543918137888
FDL27,OUT013,1139.0103200674023
FDZ34,OUT049,3265.089014101661
NCF43,OUT010,319.0569994993876
FDC21,OUT035,1699.691456185582
FDL26,OUT013,2232.723437359984
FDT25,OUT010,218.42229683628352
NCR30,OUT046,1159.026443657343
DRL23,OUT019,230.04154400415177
NCR05,OUT049,2757.640560556983
NCE19,OUT018,838.7307851210394
FDY07,OUT035,702.8208571874966
FDB10,OUT017,3783.6581781236937
FDP57,OUT013,1559.885166656226
FDU48,OUT019,248.06649498108433
FDH48,OUT035,1279.9187810295684
FDO33,OUT035,1842.5761805675086
NCU29,OUT045,2455.0107956396123
FDW35,OUT046,816.3133546682078
FDH05,OUT010,543.5242476092994
FDP26,OUT049,1671.931910375995
DRG27,OUT035,685.699677918871
FDQ33,OUT046,2703.903324042464
FDH20,OUT010,173.32283985751374
FDV14,OUT046,1321.958137977953
DRD01,OUT046,921.8404180046799
NCI17,OUT049,1463.9364719406321
FDF39,OUT010,560.647437188627
FDX37,OUT046,1572.895648731067
NCX17,OUT035,3346.11608276094
FDN03,OUT013,4104.279820903399
NCS41,OUT010,413.97454821152286
FDH34,OUT045,3038.9979174713108
NCX53,OUT018,2031.2868459803017
FDY31,OUT046,2306.6249307012736
FDD20,OUT017,2026.0854965208384
FDE51,OUT045,787.9108478878135
FDV27,OUT046,1316.3940201321107
FDF16,OUT035,2479.931278658071
FDZ02,OUT049,1414.5052119341403
NCK05,OUT045,1102.7296471848035
FDM12,OUT027,4480.904358311535
NCA05,OUT018,2250.4705664325193
FDX33,OUT045,2431.558801498461
FDM25,OUT049,2885.5057891228826
FDE41,OUT018,1252.9287969531342
FDW14,OUT045,1305.2287342366783
NCD30,OUT046,1503.4945161095511
FDB23,OUT010,669.9621997743109
FDF45,OUT046,1048.4108556735398
FDW20,OUT017,2214.699586769284
FDF47,OUT045,3312.1561230015946
NCR05,OUT019,562.5027314604428
DRB01,OUT046,2900.4964540086935
FDE36,OUT013,2741.3226535619174
FDU56,OUT049,3068.106241747826
FDB23,OUT049,3916.1427033417467
FDN48,OUT049,1446.0649226604648
FDS43,OUT013,2947.440776096408
NCN05,OUT013,2940.2665846554523
NCL53,OUT049,2949.998674641526
FDL56,OUT046,1303.230409354794
FDH17,OUT018,1361.7435711351657
FDP37,OUT046,2022.0789852700357
FDG09,OUT019,514.6002994296839
FDA55,OUT045,3556.9304403853803
FDX31,OUT049,3743.3775150266924
FDJ41,OUT045,3928.572029779029
DRC24,OUT045,2698.986697762195
FDQ21,OUT035,2237.227062318297
NCT54,OUT045,1391.998219391991
FDH08,OUT049,3841.5782209475037
FDY38,OUT018,3693.3436461750016
DRM11,OUT010,693.2008466674079
FDG32,OUT049,3042.890865076578
NCH18,OUT046,3595.3925078157627
FDI20,OUT035,4002.158299753637
FDA33,OUT018,2360.001113912369
FDN45,OUT013,3298.3804795647275
FDT45,OUT010,125.72095544086481
FDR32,OUT035,3704.7108717294655
FDA48,OUT017,3423.445964440473
FDN23,OUT017,2593.5857861668574
NCR18,OUT035,625.9738643401313
FDD45,OUT046,1440.8698742222477
FDI22,OUT018,3123.634903426948
FDT09,OUT013,2197.6043672183314
DRC24,OUT027,3314.1222598094823
FDT39,OUT046,2321.2586844626408
FDX28,OUT045,1445.0780609267642
FDA50,OUT018,1344.728814180551
FDT33,OUT027,4462.038746109624
FDQ60,OUT049,2194.9901014400384
NCM19,OUT018,1778.333407752594
FDF40,OUT046,3629.424597630321
NCI30,OUT035,3613.8846060077344
FDK34,OUT049,3619.9103670322424
FDA38,OUT027,4934.038395910816
FDT02,OUT045,591.0506794077735
FDC11,OUT017,1302.4099321746794
FDD08,OUT046,633.6971180416057
NCS29,OUT046,3749.947656902441
DRI03,OUT010,571.9694073631222
FDK48,OUT035,1147.4137370825727
FDM52,OUT049,2572.1745759437067
FDP49,OUT035,889.2428863976144
DRA24,OUT046,2417.1258504127086
NCJ43,OUT049,2990.528097728261
FDE11,OUT045,3200.238057506373
FDP01,OUT049,2423.8363966039205
FDQ59,OUT018,1185.3962833635214
FDA43,OUT019,421.06708693047744
FDL14,OUT017,2259.6240161850596
FDV50,OUT010,228.0151365646466
FDT01,OUT027,4732.4067488629735
NCC42,OUT035,2029.7351262447803
FDO28,OUT046,1727.897516160465
FDD32,OUT019,203.48583806101283
FDV45,OUT035,3004.2030862715083
NCW17,OUT019,257.6841820469362
NCJ17,OUT027,2379.0200210979615
NCF18,OUT049,3035.1934890093817
FDP01,OUT045,2423.73052369455
FDH24,OUT045,2587.2444515198767
FDI38,OUT027,4432.867675488541
FDX03,OUT035,607.8109642266343
FDY28,OUT046,3617.006510383778
FDN34,OUT018,2721.87544345367
FDJ02,OUT045,2482.6141886383675
FDW40,OUT019,231.7117070661903
FDX03,OUT017,626.8285885995942
FDE17,OUT027,4086.058937487407
FDT58,OUT046,2627.665319185662
FDI38,OUT013,3532.3617934891254
FDW22,OUT035,3475.097014452435
FDS15,OUT027,3028.491409109698
NCX06,OUT013,3012.9759508949
DRK47,OUT035,3508.9153388791397
FDC23,OUT027,3609.6435672271323
FDM56,OUT010,197.6933622023928
FDP21,OUT046,3034.4925919358548
FDP58,OUT046,3508.35556671942
FDA27,OUT019,465.8681608717242
FDK41,OUT019,203.08309134122695
NCH42,OUT046,3687.1826947509726
FDG29,OUT045,619.177240302706
FDW15,OUT018,2164.1148186892456
FDD28,OUT018,800.8003750851404
FDQ37,OUT049,3111.6601089743076
FDC23,OUT035,3061.577203542164
FDV13,OUT035,1336.5846088069559
FDK33,OUT046,3469.307083636733
FDO33,OUT013,1952.0113689499694
FDN21,OUT017,2408.5220269648744
NCW06,OUT027,4672.93657760008
FDI38,OUT035,3830.8863815324444
FDC21,OUT027,2841.5642498791003
NCS05,OUT046,2108.6754634740355
NCN53,OUT049,591.4216342031035
FDV40,OUT010,170.54808403591042
FDG60,OUT017,3712.768951888223
NCY30,OUT027,4439.146046696136
FDM40,OUT045,1894.3176727792868
NCO30,OUT046,2860.451917195713
FDK10,OUT046,2861.474633804607
FDM36,OUT045,2913.1924105923554
FDN10,OUT013,1928.942713289142
FDM46,OUT018,1288.0220650670883
FDX50,OUT049,1742.1162850669496
FDP33,OUT045,3700.7607913346505
FDO12,OUT045,3116.5847285618497
FDC28,OUT013,1627.6493666303559
FDO31,OUT045,1394.8926986682136
FDX45,OUT035,2831.304180227105
FDV21,OUT049,2036.174472611591
FDH04,OUT049,1405.2386325950956
NCG54,OUT013,2553.6938077204068
FDO13,OUT046,2375.978531411751
FDA09,OUT027,3931.900106361919
FDC38,OUT017,2091.024000194432
NCO42,OUT046,2232.835149590453
FDL45,OUT049,2081.266765281421
NCK31,OUT013,790.2410122442383
FDM39,OUT017,3172.3651923868906
FDC22,OUT010,441.2862145095567
FDF46,OUT046,1879.300112634806
FDQ37,OUT045,3091.8301405354664
FDH41,OUT010,595.7066463178493
FDQ04,OUT046,644.9587373286544
NCQ02,OUT027,4366.682593291113
FDJ57,OUT027,4662.9294209696955
NCE07,OUT049,2038.5419885535268
FDE56,OUT013,825.270314431745
FDI20,OUT049,3869.964991158928
FDK36,OUT018,674.6563213156711
FDP08,OUT027,5110.596031358883
FDF44,OUT017,1985.3846565055337
NCU53,OUT017,2577.249365015603
FDF47,OUT035,3355.6050502914045
FDS55,OUT010,451.3108710403441
FDZ52,OUT010,194.52178548763604
FDL04,OUT018,1367.051300883711
NCM26,OUT035,2647.487752668556
FDX43,OUT049,2694.2496207402605
FDP52,OUT049,3543.22504878972
DRK49,OUT045,677.1637481397946
FDE38,OUT013,2377.7327269308294
DRF13,OUT035,2586.2609796502566
FDK41,OUT010,185.84763829871116
FDJ04,OUT027,3277.0035546110075
FDZ44,OUT018,1733.425108753597
FDS11,OUT013,3616.3607690506933
FDA55,OUT049,3522.587054728902
NCW53,OUT046,2839.755682970093
FDB49,OUT027,2279.297838160645
FDD23,OUT017,3323.1330824071047
NCV42,OUT045,1861.893780410338
NCZ29,OUT018,1822.9282893358375
FDQ26,OUT013,709.3416526857263
FDV08,OUT017,635.5968111252329
FDC53,OUT049,1376.8299131864605
FDV58,OUT010,501.0786121540103
NCP02,OUT019,193.72485602776808
DRI37,OUT045,891.4847717699693
FDQ12,OUT049,3620.7448774122295
FDE33,OUT046,1517.4179227126424
FDX27,OUT045,1398.6574041705533
FDM22,OUT017,778.1073828298848
NCH30,OUT019,267.41910158036467
FDC04,OUT017,3516.0147508424798
FDO38,OUT046,1291.0335265900694
FDV52,OUT027,3235.9772153339063
FDB32,OUT013,1486.3315557748938
FDV43,OUT018,647.3732112659461
FDI24,OUT018,2641.5294059129296
FDR40,OUT017,1379.7072944979707
FDW02,OUT049,2051.190052400565
FDE44,OUT049,767.1246110881417
FDL38,OUT046,1386.3803491341814
NCT54,OUT010,238.6429122501064
DRJ39,OUT010,745.8736790807042
FDW55,OUT049,3869.0365490307536
DRF13,OUT019,397.04793213426245
NCW17,OUT049,2264.225529540652
FDP13,OUT035,650.6027224063622
FDS08,OUT018,2709.6921987901787
NCP17,OUT035,1099.2713517593174
NCO53,OUT035,2855.3393649162144
FDH19,OUT045,2818.9491907365555
FDJ04,OUT017,2099.5378268266213
FDG10,OUT049,902.4825132984001
FDA40,OUT010,168.15828910445268
FDI53,OUT045,2376.895235507285
FDU09,OUT010,164.43093557426815
FDK60,OUT045,1598.1148997252872
FDR43,OUT017,588.1945446567844
FDW22,OUT017,3392.529000517892
DRP47,OUT010,662.317732739929
DRG48,OUT010,554.4558883137435
FDA14,OUT035,2536.409512032651
FDU49,OUT013,1427.6518493331284
FDK28,OUT045,3904.168431266252
FDT19,OUT046,2768.4607789978904
NCQ42,OUT045,2044.7992770973124
FDD03,OUT045,3401.3722544105012
NCM53,OUT013,1585.126041764936
NCX53,OUT045,2182.6089794952695
FDV14,OUT027,2174.2319420185954
NCZ54,OUT017,2529.087115148401
FDB39,OUT013,758.8831531803121
DRC24,OUT046,2629.550411509286
FDY36,OUT013,1256.7886582023236
FDN01,OUT035,2777.968433421513
DRH25,OUT046,868.7412797638317
FDV08,OUT046,741.4126066546218
NCP53,OUT049,3735.8785875104977
FDU52,OUT010,410.0019256570224
NCI42,OUT045,2908.711742427786
FDZ14,OUT035,2083.233150753688
FDF11,OUT046,3335.620716095912
FDQ13,OUT018,1282.150883905806
FDO32,OUT010,201.3785937963318
DRJ37,OUT018,2164.5215331106274
FDY43,OUT046,2731.436300768839
NCT41,OUT017,2538.518312422917
NCV17,OUT045,2263.2795627722116
FDM04,OUT027,1496.3387589321803
DRB48,OUT018,386.4441408832647
FDM24,OUT013,2468.748460703711
FDT37,OUT049,3835.6288592526234
NCO05,OUT010,210.0048355525722
FDL13,OUT046,3671.639488528061
FDL15,OUT017,2534.076596573639
FDB11,OUT018,3297.747955039295
FDL14,OUT019,338.6275384367742
FDY10,OUT019,279.3746099937249
FDJ40,OUT049,1892.008727612714
NCW18,OUT046,3751.2885601221574
NCY06,OUT013,1972.6581681853909
DRE13,OUT018,1339.4069894691268
FDA26,OUT045,3307.1073400439254
NCE19,OUT010,208.36421596479084
FDE33,OUT035,1341.4839847409062
DRL59,OUT027,1625.6867800731948
FDY07,OUT046,983.6735255575395
FDF57,OUT018,2328.0165234342617
FDM58,OUT035,1752.1068203916407
FDP26,OUT027,2718.0286795863954
FDY32,OUT046,2465.1839454601477
FDD51,OUT010,137.60068327320192
FDU22,OUT018,1807.403421821925
FDZ49,OUT018,3558.161543073028
NCI42,OUT017,3362.3153341882876
FDT04,OUT027,903.2755295770737
NCU41,OUT045,2873.3518449613907
FDS56,OUT045,3847.6143764045196
NCN42,OUT017,2566.7017491177517
FDK34,OUT046,3603.227538362729
FDB03,OUT017,3535.4907103850464
DRJ25,OUT035,840.8744895146409
FDT25,OUT027,3115.3495346139402
FDN20,OUT013,2586.6252942469237
FDP09,OUT013,3428.4122250408436
FDM20,OUT019,454.2079726589629
NCG55,OUT046,1957.0598018922378
NCP14,OUT045,1844.2675550200945
NCH06,OUT046,3640.554690905451
FDV52,OUT013,1906.1380647295725
NCL07,OUT035,624.5743892106985
DRJ11,OUT027,4397.899770230538
DRO59,OUT013,1122.5584292528622
FDW15,OUT010,326.0495420034627
NCQ30,OUT035,1973.4049829237888
NCN54,OUT019,185.25597072757398
FDY01,OUT027,3756.053373323571
FDX39,OUT035,3434.370022048875
FDH53,OUT027,2196.6581868046173
FDA57,OUT035,632.9383918856122
NCC07,OUT010,256.5771955488163
FDU28,OUT013,2873.946705789283
FDK36,OUT010,106.97582668128015
FDR36,OUT018,390.20423545065756
NCQ17,OUT035,2663.482949180625
FDS28,OUT019,146.11241728016262
FDE08,OUT045,2557.6706417360874
FDU22,OUT046,2083.703738003423
FDG41,OUT045,1592.0212961875088
FDO31,OUT010,187.51376043839363
FDM21,OUT019,611.9370357428039
FDU40,OUT017,2780.852398573627
FDV36,OUT018,1973.3326787379356
FDT10,OUT027,1815.1704214882736
FDX38,OUT045,763.454755363817
NCU30,OUT027,4069.263022040707
NCV06,OUT049,3099.2803506177606
FDT16,OUT035,4247.20361127261
NCP41,OUT027,2544.841060476542
FDZ56,OUT017,2969.2301438757063
FDC22,OUT035,3006.730536431898
FDU10,OUT035,618.3381317493972
FDS46,OUT045,1903.2125672502816
FDO08,OUT049,2648.7478842347687
NCV42,OUT018,1740.4075754157218
FDP33,OUT035,3901.156466783508
FDJ12,OUT046,3439.3242897519835
FDH04,OUT045,1395.6090247403308
NCU54,OUT013,3033.7113255160557
FDO36,OUT010,500.2067056427542
FDT37,OUT027,4833.617752152744
FDD14,OUT010,584.8797682541533
FDA16,OUT013,3511.3316808693767
NCS42,OUT019,204.08123585072155
FDP10,OUT019,269.9589362736727
FDQ28,OUT049,2602.447846141909
FDK57,OUT010,242.1798662098581
FDK02,OUT013,2008.1154305985078
FDW47,OUT018,1900.2708970023562
NCC42,OUT018,2014.0791834525173
FDQ37,OUT018,2635.6879030605755
FDL40,OUT046,1370.9459914607528
DRE13,OUT010,207.47505543227143
FDQ34,OUT027,3072.6817291153734
NCB54,OUT046,1980.8002509311066
FDS48,OUT049,2346.5907440083847
FDO15,OUT045,1128.1767219029277
NCT30,OUT013,777.9918254500252
FDU49,OUT027,2427.7619134607835
FDE21,OUT046,1951.258661298282
FDS49,OUT019,179.22019947687917
FDT38,OUT027,2187.7394388236116
FDZ01,OUT045,1702.7673352079903
FDC41,OUT035,1328.9580556710246
DRG13,OUT010,440.5197317082357
NCZ42,OUT018,3586.4560274349
NCM07,OUT045,1247.1486670369327
NCV17,OUT018,2008.9872418112745
DRK39,OUT035,1376.9841415599276
FDS37,OUT018,1820.9229847656127
FDV12,OUT019,413.1716277644535
NCG19,OUT018,3801.944278862568
FDS51,OUT013,919.994679082355
NCO14,OUT046,619.6811003092505
FDC38,OUT046,2108.4205007857045
FDN15,OUT046,2314.56468694945
NCH42,OUT013,3673.108077277121
FDQ22,OUT046,553.6179837097089
FDC05,OUT013,2989.3171219773717
FDZ31,OUT013,3065.4713580910484
DRJ23,OUT049,2990.212926370956
FDC52,OUT035,2362.304613138111
DRD12,OUT010,169.23229868336733
FDV55,OUT017,2520.6802637603264
FDD32,OUT046,1309.645655442269
FDR01,OUT049,3193.4642893739133
FDY08,OUT019,246.86576287801964
FDQ45,OUT045,3010.04047957134
DRN11,OUT027,3699.0488941407034
NCS05,OUT018,1920.299971243215
FDY32,OUT035,2449.9683691022847
NCD31,OUT045,2722.950860599931
NCE06,OUT049,2287.664482260736
NCP14,OUT046,1947.081207458365
NCF18,OUT019,400.75278099660136
FDF14,OUT018,2255.3728825605804
FDB22,OUT017,2346.807688139008
NCH54,OUT049,2678.9931384353836
FDU27,OUT035,695.573945669359
FDS58,OUT027,4669.858270446166
NCU29,OUT035,2795.6168866515454
FDJ57,OUT013,2970.2448366843078
FDL56,OUT049,1282.9734664883963
FDH60,OUT035,3030.353206731347
FDN24,OUT018,946.8893348294094
FDD02,OUT017,2272.1379514638147
FDP15,OUT017,3397.316100157902
FDB28,OUT027,4677.378783675839
DRC49,OUT045,2674.2831467181422
NCG30,OUT018,1819.9843810502528
FDJ14,OUT049,1300.7838867648384
FDL52,OUT045,617.5851902993303
NCG19,OUT027,4902.585028238855
NCN41,OUT035,1958.5953737306218
FDW22,OUT013,3408.6877322821256
FDI02,OUT013,1961.0617204254374
FDV51,OUT045,2688.115006293713
FDV48,OUT046,1298.050824436631
NCL17,OUT019,288.52994815575227
FDP46,OUT045,1377.7357592791277
FDU10,OUT045,587.1382541544848
FDT37,OUT010,505.5419233671941
FDI27,OUT035,820.3286521950536
FDN51,OUT046,3934.095392054375
FDW07,OUT035,1154.41002806745
FDN45,OUT049,3297.1666471974736
DRN37,OUT027,4563.0701657042755
DRF48,OUT049,2872.087306862103
FDP38,OUT019,119.88117878234131
NCX18,OUT027,4449.725291223501
FDK45,OUT018,1741.8214347461953
FDZ37,OUT049,1312.3796307662094
FDS50,OUT018,3645.386790662359
NCR54,OUT018,2740.1218297552387
NCS17,OUT035,1473.5173027376657
FDV31,OUT046,2645.994989054147
DRE27,OUT017,1531.8955780191861
FDN60,OUT013,2354.8605830810325
FDK26,OUT013,3107.333408450244
FDX37,OUT018,1375.7220265535452
FDW31,OUT046,2674.326396971381
FDX26,OUT018,2664.4042642408995
DRL49,OUT019,328.57009428262677
FDU49,OUT017,1469.1668325428636
FDY58,OUT046,3559.4147419466776
FDN03,OUT045,3837.705430040525
NCV06,OUT010,407.635755832727
FDH53,OUT045,1293.9645697073909
FDG31,OUT018,853.9473692802604
NCC06,OUT045,2294.379696875936
FDS13,OUT049,3666.0718052862594
FDP16,OUT035,3496.0546592436776
FDA35,OUT013,2063.495854922948
DRP47,OUT018,3479.9596127091017
FDY28,OUT010,620.5045296816938
FDY20,OUT035,1381.3325185178348
NCH30,OUT017,1694.0154537906274
NCR29,OUT019,154.8427490665299
NCP05,OUT013,2580.4364133313184
NCF30,OUT019,259.4378030878165
FDA08,OUT035,2825.0588514306583
FDN51,OUT027,4875.979148218866
FDH12,OUT046,1694.9045835956003
FDY39,OUT017,3036.6944103251312
NCO53,OUT045,2932.2656852499076
FDB40,OUT046,2597.204114035786
FDH02,OUT049,1291.1896701843086
FDY11,OUT027,1772.7394206480617
FDQ09,OUT019,291.49223143084856
FDP16,OUT013,3579.371005401099
NCF55,OUT018,370.237125445354
FDY09,OUT027,4452.091847413283
FDY39,OUT045,2967.086186489676
NCU53,OUT049,2366.963590790429
NCT41,OUT049,2600.8289676032637
FDJ45,OUT046,599.1266152085577
FDR28,OUT013,2310.5160517958075
FDN08,OUT013,1855.1671413750748
FDJ07,OUT049,1874.0597927232814
FDZ09,OUT027,4167.8026719905765
FDQ14,OUT017,2358.8481055333673
FDY12,OUT027,1491.9693590441416
FDK57,OUT046,2085.550116392249
FDD20,OUT049,2123.2663986442208
FDS36,OUT018,1985.2364032886812
FDI40,OUT049,1727.764074879032
FDJ40,OUT045,1879.171705514792
FDE08,OUT013,2331.3391789631696
DRK01,OUT013,1444.1078199361589
FDC58,OUT049,636.8293149642017
FDE50,OUT046,3101.2278712842976
FDX48,OUT035,2561.265028031739
DRM35,OUT018,2412.9133446757774
FDG41,OUT013,1669.678634743402
FDB52,OUT046,3642.915748723695
FDV19,OUT045,2787.86458902225
DRG48,OUT017,2469.5257511182194
FDI26,OUT013,3090.5906322959527
FDU11,OUT019,226.38685980103182
FDF59,OUT019,302.67078613691626
FDR07,OUT049,1465.2303811224429
NCE06,OUT017,2234.8509878409513
FDE10,OUT046,2069.5733568924657
NCO55,OUT046,1713.3056610069743
FDZ13,OUT013,742.9638382621591
FDT50,OUT017,1536.3238882620324
FDH12,OUT010,236.2221511025691
FDD21,OUT045,1887.2423402111713
NCM05,OUT013,4016.6418416124698
FDK04,OUT013,853.2732511497942
FDN33,OUT017,1456.0407869920693
NCM18,OUT010,127.7496924728602
DRC25,OUT049,1409.1310091250082
FDT47,OUT017,1790.9854990781876
FDD45,OUT027,2901.263397034189
NCD07,OUT018,1624.9714047142181
NCY54,OUT010,469.701102319412
FDL12,OUT049,1415.7616064923877
FDL02,OUT017,1740.5360874516773
FDC60,OUT035,1742.036551683985
FDR37,OUT017,3272.673902784982
FDY16,OUT017,3128.9633184526842
FDU26,OUT045,1991.8700812744999
FDN24,OUT013,945.9764544093716
FDH44,OUT013,2455.3124250283195
FDE23,OUT010,129.25303391476348
FDW60,OUT017,2994.9244546522286
FDQ55,OUT049,1896.4740825372637
FDV32,OUT027,1752.0946508053635
FDV03,OUT010,274.07565887668267
FDY14,OUT010,603.7358757164549
NCL55,OUT027,4002.8478172513155
DRF25,OUT017,686.2134213697606
FDX03,OUT046,601.5374324548168
FDF40,OUT045,3575.0304196728794
FDX24,OUT010,227.79348694716083
FDA25,OUT049,1720.3709855296534
FDH21,OUT018,2253.216788045465
FDB47,OUT010,610.1447691560332
FDT34,OUT019,274.68992084510126
FDS39,OUT010,319.625646019633
NCU05,OUT046,1365.956286570398
FDE02,OUT049,1369.229492399331
FDL25,OUT035,1430.2773986740604
FDC50,OUT049,1374.1824722430645
FDZ32,OUT049,1670.6610737247322
FDV14,OUT045,1261.450697764968
FDR07,OUT045,1466.2979370911282
FDB26,OUT049,858.3150883432252
NCR50,OUT045,2638.5395466474642
FDP01,OUT018,2151.4719241729804
FDH57,OUT045,1926.8321530619241
FDM60,OUT027,988.8479274220127
FDA45,OUT017,3130.666010544288
FDU55,OUT017,3729.519748366184
FDH40,OUT035,1308.082830874298
FDG40,OUT019,78.50923931352435
FDT12,OUT049,3748.8366958809183
DRL59,OUT045,861.5257464327327
FDT47,OUT018,1599.1723054018962
FDI60,OUT017,1019.3857966363846
DRF51,OUT027,1065.4802976460467
NCK31,OUT049,777.5891847327715
FDB08,OUT045,2420.5522732582576
FDM44,OUT035,1661.905689261253
FDD46,OUT018,2576.421456764067
FDR27,OUT019,340.21925204538246
FDV56,OUT010,223.0996538208674
FDM02,OUT049,1298.3595842238494
FDU45,OUT018,1915.3355302428554
FDZ10,OUT017,2031.6115051445063
NCK31,OUT010,103.17941187214605
FDR27,OUT035,1966.1424845463366
FDF33,OUT013,1793.7362867481083
FDJ36,OUT046,1780.3548281926417
FDP33,OUT049,3907.9144657237644
FDG17,OUT046,3771.253110054344
FDG47,OUT027,4079.497147829813
NCW29,OUT046,2043.5526936444116
DRH59,OUT017,1134.6926370820183
FDR32,OUT017,3380.3433959952076
FDP48,OUT035,3300.953429462653
FDG17,OUT035,3678.57332774362
DRJ59,OUT017,592.5992731321895
FDY48,OUT027,2464.2359661501305
FDB02,OUT046,2755.1767068195686
FDN10,OUT019,231.36304304863606
NCD55,OUT035,616.333661987813
FDX34,OUT013,1828.286313218547
FDZ38,OUT045,3322.026787990188
DRF37,OUT049,3997.4973341457708
DRL47,OUT019,257.6191499511369
FDL27,OUT035,1219.1759256847804
NCP53,OUT035,3559.677280752884
FDT03,OUT019,432.3829024173061
FDJ28,OUT035,3022.5398646118238
FDF40,OUT018,3299.371980643171
FDA32,OUT035,3459.1065714859515
NCP02,OUT017,788.9345145405086
FDZ31,OUT045,3022.1462246652204
NCQ29,OUT013,3721.217051098189
FDP57,OUT010,220.1467137736827
FDL32,OUT027,3460.916275210429
DRB01,OUT035,2748.329650877222
FDJ40,OUT046,1726.582732543312
FDO24,OUT018,2178.1649569248584
FDO11,OUT018,3406.8412492207585
FDA56,OUT035,2087.538338136821
FDF02,OUT045,1674.1995987944904
FDA10,OUT013,1961.6737116982363
NCI55,OUT017,2348.1745497086085
FDZ40,OUT010,238.4581071214026
FDV08,OUT049,640.873366040281
FDN48,OUT013,1401.7728524505685
FDU57,OUT017,2404.832137749813
DRF49,OUT013,1641.8002010309363
FDS02,OUT035,3158.071717053214
FDS43,OUT046,2973.627936675265
FDT16,OUT013,4066.918828774019
FDX19,OUT027,4290.733857635104
FDK15,OUT046,1526.2647431779592
DRA12,OUT049,2091.9783071014654
FDY35,OUT017,804.6089278986223
NCU42,OUT013,2783.2895503501377
FDD26,OUT013,2892.0185374340654
FDR11,OUT018,2135.1338672734164
NCP53,OUT045,3588.498449228266
FDP34,OUT045,2778.659431766673
NCV41,OUT019,236.3585372539335
FDN20,OUT018,2448.474187306606
FDZ16,OUT018,2901.207138999241
FDZ28,OUT049,1925.4527814670062
NCL55,OUT013,3816.159144523658
NCJ17,OUT046,1369.7073172583528
FDT37,OUT046,4312.90589899895
FDV51,OUT049,2807.5468232923326
FDZ28,OUT035,1926.078948594014
FDN27,OUT013,1893.5977845383961
FDS14,OUT019,306.5778806875723
FDZ58,OUT045,1891.6830741189958
FDD46,OUT046,2375.701265307226
FDJ03,OUT035,700.7008609632896
FDU03,OUT010,595.492144203885
FDA33,OUT027,3058.6855809181766
NCW53,OUT035,2923.0156231505116
NCC55,OUT017,586.9213104878158
FDP52,OUT019,512.7816025826405
FDE39,OUT049,2041.2470096978527
FDB44,OUT035,3673.9029985174234
FDG59,OUT013,620.6719492728284
FDI05,OUT013,1270.9045220131186
FDF59,OUT045,1863.1657803178218
FDM39,OUT019,340.5581660076855
FDB14,OUT013,1450.0307906068813
NCS05,OUT019,248.34094971514233
DRJ35,OUT045,1031.12540984008
FDO31,OUT019,221.02550295388278
FDA31,OUT046,2703.8255039189044
FDX40,OUT049,634.8359398007353
FDW56,OUT045,3069.766435761788
FDH09,OUT018,710.1484585546999
FDA52,OUT019,678.1114432019511
FDF20,OUT019,506.2452804674629
FDE40,OUT046,1122.294589185847
NCU17,OUT046,1931.7427352936832
NCP14,OUT035,1860.7443860097828
FDN25,OUT027,1863.4829615179583
FDU39,OUT049,924.2470772897302
NCM05,OUT017,3365.6594516086857
FDU07,OUT017,2413.420383951856
FDF28,OUT049,2010.0203975515165
FDR57,OUT049,2353.5896306829195
FDJ33,OUT013,1921.1818138467484
DRH23,OUT035,916.2828815822469
FDQ52,OUT046,3931.400004957218
DRK13,OUT035,2929.3831632168944
FDP09,OUT046,3395.6736403541395
FDR08,OUT027,2622.8977142525405
FDV50,OUT045,1915.297925353884
FDT13,OUT049,3295.4786757862744
FDJ27,OUT027,2860.273813645015
FDH21,OUT046,2639.1306644187316
FDW14,OUT027,2390.52833625304
FDL52,OUT049,653.285706835263
FDW28,OUT017,2837.8012178881486
FDL40,OUT049,1422.5209212264588
FDE24,OUT046,2167.3221910874536
FDX35,OUT049,3669.4104074815555
FDP46,OUT017,1375.508913257122
FDX56,OUT045,3185.1774434697336
FDQ45,OUT049,3033.6564072940328
FDK50,OUT027,3925.4250726406485
FDY26,OUT045,3667.3294515682983
FDQ09,OUT017,1677.4240665921013
FDN39,OUT049,2918.481475869223
FDP13,OUT017,643.6557285372161
FDR51,OUT013,2406.4334212172844
FDZ49,OUT010,734.5665370331799
FDL28,OUT018,3485.9773334766483
FDZ10,OUT035,2043.0844199191672
FDK38,OUT013,2386.6344471773114
DRL49,OUT027,3269.152251014057
FDR15,OUT013,2261.2657040214654
FDQ24,OUT035,3700.9164348621784
FDD56,OUT013,2929.6753970072373
NCR42,OUT046,705.4089996152574
FDH52,OUT045,1078.6040134196949
FDH57,OUT019,260.3074425038991
FDR15,OUT010,324.0957880092518
FDJ34,OUT035,1986.026069604037
FDW37,OUT035,1350.6706017194892
FDQ23,OUT018,1552.4787130691316
FDP34,OUT013,2758.31981971359
FDE04,OUT027,4181.943431915367
FDC48,OUT045,1334.1403920809282
FDA47,OUT019,554.178283639976
FDI35,OUT018,3105.5823691264977
NCV05,OUT013,2386.806279028738
FDR28,OUT045,2744.0021933590456
FDH31,OUT017,1525.112665596093
FDP59,OUT019,248.96648914864184
FDS19,OUT018,1114.1394016640859
FDM60,OUT045,623.9591051406724
FDJ44,OUT018,2554.0215468868923
DRH51,OUT017,1283.082492140725
DRC25,OUT017,1485.1028487594806
DRE25,OUT013,1524.9426195073572
NCX05,OUT049,1854.8477289920922
FDR11,OUT017,2439.7277530528
DRP47,OUT045,3536.5162646486615
DRC49,OUT019,464.00831111106805
FDQ47,OUT027,1050.2556201776754
FDL20,OUT013,1838.12123861881
FDM34,OUT035,2307.1717850159325
NCN55,OUT013,3778.2204871239887
FDD41,OUT035,1708.8086284249134
FDE52,OUT049,1346.0969843150347
NCT18,OUT019,380.56454934658547
FDJ32,OUT018,805.7032749955177
FDE16,OUT046,3850.821878470019
FDZ09,OUT045,2763.7011028588145
DRZ11,OUT046,2001.467722347688
FDK41,OUT049,1271.2505393943452
FDE56,OUT049,1152.2984286143317
FDH34,OUT013,2934.8173831146605
DRI49,OUT013,1333.0606303747693
DRI59,OUT046,3438.7919427219404
DRC36,OUT049,2827.097958946332
FDS15,OUT019,288.2227334284999
FDI07,OUT018,2777.160338854504
FDZ15,OUT018,1827.3721009824833
NCX41,OUT027,4758.544960891685
NCO29,OUT019,404.16323352191074
FDF57,OUT013,2432.3829149408125
FDI33,OUT035,1492.7834586400643
DRJ47,OUT049,2751.53631060954
FDB34,OUT046,1260.058886006877
FDY22,OUT027,3628.2042038770182
DRL11,OUT017,2472.8508046717952
FDY46,OUT035,2899.1320215437195
FDG17,OUT013,3831.2395783810352
FDE52,OUT018,1331.3966901342085
DRP47,OUT027,4674.113809015783
FDO01,OUT010,230.3008478916919
FDL09,OUT046,2652.2560420511522
FDR57,OUT013,2513.875743927765
DRD37,OUT035,831.2562798823782
FDQ36,OUT027,1045.8067458059254
FDL33,OUT049,2987.721352342798
FDL48,OUT045,679.8692827153072
FDL28,OUT049,3652.247293972692
NCN29,OUT046,801.3322887195857
FDO13,OUT035,2591.1192198473173
FDB38,OUT045,2606.2886352288137
FDI36,OUT035,3211.185069537616
FDI58,OUT035,1498.0080008110544
FDH22,OUT018,1832.6518291053671
FDQ27,OUT013,2120.7021248233696
FDT33,OUT046,2619.444586738907
FDC56,OUT045,2063.4273676430585
FDF14,OUT046,2358.875006149884
FDQ39,OUT017,3097.7103878979806
NCM43,OUT017,2617.1439041730114
FDS46,OUT035,2067.381804032071
FDI22,OUT049,3431.681701088343
NCE43,OUT045,2949.8271847253372
FDZ36,OUT010,619.1135757696843
FDR13,OUT019,238.90746926995985
FDP46,OUT018,1353.072264056535
FDW56,OUT019,424.7350464297448
FDB40,OUT017,2394.7698953277054
FDM28,OUT018,2747.142588288503
FDV49,OUT013,4469.242965365782
NCS53,OUT018,2302.391135100019
FDO03,OUT049,3660.3610236539675
FDT15,OUT035,3050.2935000272096
FDD33,OUT049,3655.9629714040893
FDX13,OUT017,4410.368395495385
FDH60,OUT013,2766.7770926450494
DRH51,OUT046,1267.5969786304715
NCL07,OUT049,717.3001912080332
FDW51,OUT045,3397.866045698974
FDF21,OUT019,450.36977670150276
FDH26,OUT019,267.65226303740445
FDJ03,OUT049,747.6056844944754
FDU35,OUT017,1658.4836826964026
DRL01,OUT018,3673.890675510494
FDE59,OUT045,628.9046929169284
FDI60,OUT035,1194.3246599330262
DRH39,OUT035,1513.1193333488616
FDK36,OUT049,857.9910468703232
FDN52,OUT045,1279.7414729300551
FDU12,OUT017,3438.6438668077462
NCT05,OUT027,4785.282142262724
FDS37,OUT027,2676.302996153034
FDK24,OUT017,756.7925197715864
DRF36,OUT013,2968.9933273355837
FDN46,OUT010,239.2986391737772
NCN06,OUT045,2463.128139698318
FDD59,OUT035,1329.2549254024252
FDM14,OUT045,1653.4815858765194
FDO10,OUT018,838.553328011213
FDU35,OUT013,1562.8806943922218
NCA30,OUT018,2791.929418017078
NCO41,OUT049,1509.1894266990334
FDI24,OUT046,2799.7380929374617
FDZ16,OUT046,3096.108006976612
FDV47,OUT046,1295.367943562335
FDV16,OUT045,667.7366088299818
FDZ22,OUT035,1297.6979331907596
FDO20,OUT010,648.1769851953223
FDW38,OUT013,783.2276767887384
FDW52,OUT045,2766.153637245707
FDT43,OUT019,114.57674273681563
NCS29,OUT045,3583.2968112446124
NCC31,OUT017,2399.93644754838
FDA21,OUT017,3158.615115536527
FDQ55,OUT046,1956.462178753451
NCE54,OUT049,1415.6542454304986
FDD45,OUT017,1391.1784688571827
NCP17,OUT017,1041.554886053844
FDR47,OUT035,3027.7519920365758
DRM35,OUT013,2732.6800266471446
FDR47,OUT019,446.0083641569891
FDX19,OUT010,601.9442994966216
FDV22,OUT027,4484.986323003823
FDQ46,OUT027,3832.937761904343
DRO47,OUT045,1925.89843806239
FDB44,OUT010,822.4663414242158
FDN02,OUT010,507.3637602739384
FDW10,OUT045,3127.663785682469
FDJ41,OUT019,624.0233855283402
FDM50,OUT046,923.5922915198531
FDW10,OUT035,2611.7276633871834
FDY48,OUT049,1728.006218957724
NCE30,OUT027,4301.856131656531
FDO04,OUT045,961.3680240364934
FDQ26,OUT010,140.3302950300176
NCX29,OUT018,2286.923179843447
FDE39,OUT046,1912.31925448085
NCR54,OUT027,5271.408832112447
NCP55,OUT027,1431.4185521985899
FDX22,OUT017,3330.421416829964
FDI05,OUT035,1400.2161497974448
FDC51,OUT027,3688.5985662139306
FDC10,OUT013,1814.1816364654335
FDJ46,OUT045,3092.418655756757
FDV10,OUT010,94.46351586555491
FDX12,OUT027,4700.686485215612
FDL43,OUT019,185.76222746161957
DRB13,OUT046,2706.632747700667
FDF59,OUT027,3210.8091888043255
FDT35,OUT049,2876.969780327328
NCJ19,OUT035,918.2525995624358
FDT35,OUT018,2732.5841745713824
FDI48,OUT046,741.1118829682692
DRC24,OUT019,377.6380094244163
NCZ05,OUT017,1691.9332492067383
FDJ57,OUT049,3177.554735852487
FDX11,OUT017,3242.4563904382835
FDE09,OUT035,1874.5717503284923
NCK06,OUT049,2042.7411843769419
DRE37,OUT017,3011.6788828732097
FDV56,OUT046,1627.789284165176
FDY43,OUT017,2801.637070357463
FDV35,OUT013,2360.411180211947
FDF05,OUT019,603.0201600240573
FDA36,OUT035,3105.3570977693516
FDS13,OUT027,4952.702464272413
FDU47,OUT013,2212.9777320471608
FDI36,OUT010,391.6971331381363
FDH48,OUT046,1295.906946230564
FDZ14,OUT013,2118.982565262703
FDS46,OUT013,2053.16793838637
FDE21,OUT017,1872.4631117567185
FDA26,OUT049,3619.621844673835
FDV12,OUT046,1411.1859297022702
FDL46,OUT019,245.62094103202224
FDN57,OUT013,2139.503259862862
NCJ18,OUT017,1879.2153552136087
FDO36,OUT045,3058.4309651586577
FDX55,OUT018,3210.9355980838272
FDT25,OUT019,261.43656208430673
FDD16,OUT049,1129.2448399974885
NCX18,OUT013,3057.028352246628
NCG55,OUT018,1825.9830059831022
NCV18,OUT049,1787.8238513049516
NCS18,OUT035,1688.876351537818
FDC37,OUT045,1735.7871505034627
FDE47,OUT046,2001.4499955709741
DRG49,OUT019,607.529227350915
FDC39,OUT049,3492.667445288953
FDH24,OUT019,370.5557181930692
FDV39,OUT027,4437.098763747814
NCL17,OUT045,2346.301631785767
NCY53,OUT035,1745.534360009106
FDH52,OUT013,983.9586368870561
NCD19,OUT018,804.5573546408674
FDI44,OUT046,1399.6214421308616
DRD49,OUT027,3871.013263437383
FDN08,OUT035,1875.8657986691067
FDO20,OUT027,4517.964765416595
FDY02,OUT046,3646.63296169917
FDX23,OUT045,1436.2029846274945
FDX01,OUT017,1989.7748069133636
FDH20,OUT027,2544.020546190205
NCX41,OUT017,3670.777523790484
FDD21,OUT027,3084.7739406823857
DRH11,OUT019,155.968765127935
DRE60,OUT018,3265.3743687463775
FDB10,OUT013,3600.4024484749907
FDH38,OUT013,1999.6089009889633
NCL07,OUT018,455.38815980153964
FDD48,OUT046,2229.5138407758564
NCT54,OUT027,3009.3404240987975
FDF32,OUT027,4977.312203592678
DRH51,OUT045,1216.907079940511
DRG03,OUT035,2667.292827190489
NCY42,OUT019,322.4114332532771
FDH32,OUT017,1591.8124698381598
NCJ06,OUT027,3101.029997949138
FDH47,OUT027,2810.6278850582203
FDZ08,OUT018,1214.9970892397757
FDK16,OUT017,1531.850117577237
DRG01,OUT018,1062.0126074814
NCM53,OUT027,2764.646907924494
NCB07,OUT035,2870.196261736417
NCZ06,OUT035,3617.403253986093
FDU48,OUT049,1892.2687038738432
NCB55,OUT027,1940.0030484505044
FDP15,OUT013,4032.7587993694133
FDF17,OUT046,3007.605973290149
NCN06,OUT049,2461.755918511152
DRM48,OUT018,393.6227256068235
FDH10,OUT046,2238.2135718756194
FDC60,OUT018,1528.4440185403787
FDE35,OUT018,778.2115609214815
DRI23,OUT013,2731.038466118592
NCR38,OUT013,3656.24728801666
FDP04,OUT035,1060.491003594059
NCW17,OUT045,2156.5416450036323
FDX34,OUT017,1846.614914881417
NCK53,OUT045,1540.748379963659
NCO54,OUT010,169.64532907963738
NCH55,OUT046,2037.7089714088413
FDT44,OUT027,3283.8069781481886
DRG49,OUT046,3800.2160087564844
FDX46,OUT010,146.25576296626687
DRG36,OUT049,2898.9403580535163
FDU37,OUT049,1358.0472632169217
FDK10,OUT049,2965.032084023658
DRF37,OUT027,3829.1979345991613
FDC44,OUT035,1841.5758374424213
FDP15,OUT046,3891.687750387433
FDZ27,OUT027,1510.5864133669197
FDY22,OUT019,394.50782497368317
DRG51,OUT035,2845.266593226317
FDN58,OUT045,3443.536544233521
FDW01,OUT049,2584.345606648159
FDX24,OUT018,1280.7328384941504
FDO51,OUT017,670.6371088145611
FDJ52,OUT027,4220.8751906831285
NCY06,OUT010,286.3960224101581
FDE20,OUT018,2449.771936355869
FDT23,OUT010,186.8009284995244
FDQ51,OUT046,733.7573220956162
FDE35,OUT046,919.0361738785541
FDB46,OUT013,3169.8074785386234
NCG19,OUT035,3598.8442284757807
NCL06,OUT018,3241.2635463047363
FDT36,OUT019,73.347241797685
FDC56,OUT049,2145.366683349441
FDJ26,OUT049,3148.6250589172396
FDZ59,OUT017,2936.3726125246244
FDV11,OUT027,4176.800700507504
FDR13,OUT010,219.64023443276116
FDI15,OUT018,3754.460394739303
FDF47,OUT018,3270.585305695811
NCB54,OUT019,255.32761306584564
NCK19,OUT027,4720.24106859688
FDX16,OUT017,2542.7765219817898
FDL50,OUT045,1972.3261703432904
NCE31,OUT035,618.9098324419012
DRJ01,OUT049,2341.7902416206402
FDE22,OUT013,2437.1525473331812
FDY20,OUT019,216.4534777381319
NCO14,OUT045,623.0811761986995
NCR50,OUT017,2626.9115548574964
DRM47,OUT017,3031.9977023716783
FDO27,OUT010,203.68161400223755
FDJ20,OUT027,2986.216218308051
NCX17,OUT013,3421.197267679213
FDG59,OUT049,612.6294656279662
FDD52,OUT045,1649.3703648153105
FDO48,OUT017,3444.571328241806
FDC59,OUT019,133.14850800923148
FDS15,OUT018,1473.9706676778258
FDB47,OUT035,3507.219887371855
FDV14,OUT019,183.38523905457433
FDB27,OUT013,2941.6884702197563
FDA35,OUT035,2093.0872511645266
FDN51,OUT018,3733.0407371420815
FDO39,OUT019,607.4738852084889
FDB28,OUT049,2750.5242808840085
DRJ25,OUT046,905.2811547598471
FDH46,OUT027,2594.6686172743225
FDI10,OUT045,2964.337577551859
FDU21,OUT018,427.7859853740815
FDD09,OUT049,2987.6568341677616
FDD10,OUT046,2645.5610007512187
FDN31,OUT010,425.3756676035077
FDA46,OUT018,3115.689432035546
FDM56,OUT046,1617.7895281408828
FDF11,OUT010,663.196770361722
FDS32,OUT018,1793.1910822070752
NCM06,OUT013,2364.329139813188
FDZ26,OUT045,3673.968757703015
FDO01,OUT013,2159.9661225849886
FDJ46,OUT049,2917.9173050286727
FDG26,OUT019,479.71651578782655
FDZ38,OUT035,3266.7312575857864
NCO55,OUT013,1756.9226734154392
FDT60,OUT035,1988.2232797028398
FDW37,OUT049,1352.833386833876
NCK42,OUT018,3189.9091858069123
FDA45,OUT046,2409.7660880427466
FDW55,OUT018,3882.5045498626864
FDY44,OUT017,3010.3149105269385
FDQ31,OUT017,1393.6138529731754
FDM09,OUT049,3028.787171840562
FDH12,OUT018,1603.3059443092811
NCQ43,OUT035,1760.596133870188
FDT33,OUT035,2987.2879875696804
NCT41,OUT018,2243.2664975814946
DRJ25,OUT010,175.47942775087725
NCQ41,OUT046,2997.884104574474
NCN17,OUT049,1649.0597567996367
DRO35,OUT027,2801.41140378449
FDU27,OUT018,665.0722640428471
FDY43,OUT027,4469.2215587653345
FDG46,OUT035,1951.7466930717605
DRL49,OUT018,1830.995447603192
NCB55,OUT049,867.5607411808717
FDK28,OUT049,3969.4679998534198
FDO49,OUT045,747.0948092360952
FDT03,OUT013,2604.7956006820355
FDW33,OUT027,3301.1525474327937
FDR02,OUT035,1919.6425978835332
FDF50,OUT013,3013.387226529766
FDA40,OUT018,1317.9719142825072
NCT53,OUT018,2336.083216898813
FDY60,OUT035,2157.6518675259663
FDP44,OUT027,2661.997119037201
NCQ50,OUT045,3497.9625082579414
NCC30,OUT017,2897.411921649675
FDQ60,OUT018,1980.0608056369383
FDG41,OUT046,1676.3430985518592
FDQ03,OUT046,3552.794900811466
FDM03,OUT045,1758.5913206850123
FDZ51,OUT018,1368.9563706216245
DRF51,OUT035,734.838614184902
FDF39,OUT017,3881.444417883859
FDW52,OUT035,2821.3907693038213
FDY22,OUT049,2734.3320896145456
FDG14,OUT013,2207.1777928213587
FDA57,OUT017,624.9675557116957
FDL45,OUT019,264.74147505174903
FDX28,OUT046,1456.9722112361071
NCQ54,OUT013,2829.9835723352257
FDH40,OUT045,1299.0905239343647
FDU52,OUT035,2434.216587506226
FDT60,OUT010,180.34426274779742
FDK08,OUT045,1304.603478982296
FDN04,OUT049,2941.0870399737214
FDE50,OUT013,3064.3577172770574
FDI16,OUT049,873.2550569553537
FDM50,OUT049,1051.0815638760664
NCV30,OUT049,1131.9771601657385
FDT44,OUT013,1830.7282617624726
FDY60,OUT013,2302.8700822148244
FDT56,OUT017,811.2832613400082
FDV58,OUT018,2472.676079442123
FDU04,OUT013,1989.892978194558
NCN05,OUT027,4441.628520967076
FDI53,OUT018,2095.1580532317025
FDD34,OUT046,2468.9160875856487
FDW47,OUT027,3571.634737697145
FDT51,OUT027,3131.3848265268593
FDO27,OUT013,1541.4192320265802
NCQ18,OUT018,1491.8245938600658
NCW05,OUT013,1952.5995314619652
FDI15,OUT010,599.1592173810837
NCH43,OUT010,454.8404652150572
FDT40,OUT049,1755.3480354002331
NCG19,OUT017,3350.6535248067235
NCM30,OUT035,633.681754804443
FDB38,OUT017,2474.0397802349694
FDB22,OUT046,2417.086760400374
FDC58,OUT046,620.3599484049821
NCI29,OUT013,1940.73596798879
FDA23,OUT010,309.01371506709074
DRG48,OUT013,2527.473056123049
FDV21,OUT013,1945.4914273913007
NCG18,OUT019,253.35404045041204
FDG40,OUT045,574.418177394474
FDU24,OUT018,1675.0034450361477
FDA22,OUT049,2855.8499613542717
FDY35,OUT046,836.1423060569363
FDJ15,OUT045,3110.2191842858774
NCW18,OUT018,3579.07505888278
FDK56,OUT018,2850.1325014877484
FDF44,OUT046,2106.1767027364667
FDP51,OUT049,2096.695224068179
FDU22,OUT027,2865.877618389184
FDM28,OUT017,2894.97583765286
NCL42,OUT046,3811.9711165797517
FDJ15,OUT019,640.2527402644324
FDI32,OUT018,1801.803045116842
DRL11,OUT046,2551.8438397822115
DRO59,OUT018,981.0988454574685
FDA07,OUT019,264.5409701459364
NCO53,OUT013,2866.942264654688
FDO21,OUT045,3340.988934768019
FDW39,OUT045,2970.215496987884
NCV17,OUT013,2237.0352659011405
FDE22,OUT046,2547.573498875946
NCB06,OUT018,2234.866956662603
DRF48,OUT017,2802.2746417807302
FDB05,OUT013,3396.8569570350646
FDP28,OUT027,4610.821713530088
FDP23,OUT046,3646.7645199252647
NCS41,OUT018,2770.214946853423
FDS40,OUT018,336.83483496642367
FDA16,OUT017,3492.537441709436
FDN20,OUT035,2990.547948277705
FDF04,OUT027,4835.142074173791
DRG36,OUT018,2294.1326079949044
FDW16,OUT018,1249.7843079243867
FDU09,OUT017,860.1089640437909
FDW01,OUT046,2572.653595385172
FDB15,OUT045,3615.1899062861817
NCJ17,OUT049,1340.9958969043928
NCT18,OUT018,2669.729115410358
FDG16,OUT018,3191.661402703716
FDP27,OUT017,3042.126969467425
FDQ44,OUT027,3358.184917948676
FDL50,OUT027,3080.11228798317
FDW57,OUT027,3888.2759195902104
FDS34,OUT013,1743.925733059174
NCV30,OUT035,1171.1834981669908
FDD26,OUT018,2567.909911239302
FDA03,OUT045,2367.9112241034204
FDS27,OUT018,2731.5485080810276
FDM12,OUT013,2804.95605817545
NCV42,OUT027,3271.886761906091
NCS41,OUT046,2964.589182864486
FDN56,OUT018,2133.4619651378243
DRK59,OUT046,3510.7548776511294
NCG18,OUT046,1736.5955315562342
NCN26,OUT017,1858.175354169474
FDI60,OUT027,1839.9997701153654
NCI43,OUT049,743.8694907715558
NCL17,OUT049,2392.024035993938
FDQ19,OUT019,448.1047421560696
FDY43,OUT049,2747.1607476972185
FDR36,OUT049,660.4632341607744
FDJ58,OUT049,2963.232408730831
DRY23,OUT045,714.0651586792908
FDK26,OUT027,4306.281056255396
DRH03,OUT045,1367.964493513787
FDC10,OUT010,273.248320364717
FDD23,OUT013,2989.5718203107385
FDP32,OUT045,1917.3390961491857
FDO31,OUT035,1406.5214563980644
FDQ57,OUT013,2622.287069685346
FDX32,OUT027,3806.4812285310613
FDC39,OUT027,4283.6332744976435
FDU55,OUT046,3900.735567373178
FDL45,OUT013,2024.229822680615
DRK37,OUT049,2851.9118939808195
FDK22,OUT013,3257.3039024403993
DRG37,OUT027,3167.0376113273924
FDK22,OUT017,3346.0290717304706
DRH36,OUT018,997.600367203974
DRC36,OUT018,2828.3900313241525
DRE03,OUT027,1003.4691041431905
FDF34,OUT046,2702.8748785171706
FDZ22,OUT046,1332.8237039878836
FDC44,OUT010,203.61922272146606
FDN31,OUT027,4962.293789138044
FDO03,OUT017,3662.9839104156795
FDA01,OUT049,920.4580579026753
NCH42,OUT049,3837.830169820033
FDF46,OUT018,1707.7476345656262
DRL35,OUT046,668.724124467048
FDW46,OUT049,1254.9609037035973
FDB58,OUT046,2258.6932697616567
FDD47,OUT018,2848.5168839373214
NCO17,OUT045,1839.8100655231801
FDJ26,OUT017,4101.8175382977215
FDU37,OUT045,1353.1791859566824
